"ID","Description","GeneRatio","BgRatio","RichFactor","FoldEnrichment","zScore","pvalue","p.adjust","qvalue","geneID","Count"
"GO:0071375","cellular response to peptide hormone stimulus","64/1363","263/11712",0.243346007604563,2.09102600224845,6.49418898436319,4.74598089494264e-09,2.41522967743631e-05,2.07624174730333e-05,"KLF15/ERRFI1/IRS2/PRKAA1/SELENOS/FOXO1/CFLAR/AGTRAP/ROCK2/STAT3/STAT5B/NR4A3/KLF5/PRKD1/RAF1/STAT5A/PIK3R1/INHBB/ROCK1/SLC26A6/LEP/PIK3CA/SORBS1/IGF1R/RAB31/NR4A1/RAC1/SGCB/KANK1/PTPN11/MTOR/JAK2/RB1/MYO1C/INPP5K/HSF1/HDAC5/NDEL1/CAV1/CCNA2/IRS1/TBC1D4/PID1/CAV2/EIF4EBP2/PPARG/STXBP4/LEPROT/RELA/SOS2/SNX5/SLC27A4/ENPP1/INHBA/GRIA1/SHOC2/CRK/PRKAR1A/LPIN1/ADIPOR1/PDK4/CFL1/AGTR1/PTPRE",64
"GO:0001525","angiogenesis","87/1363","411/11712",0.211678832116788,1.81891598074235,6.13334712199448,1.35365607852018e-08,3.34319845391698e-05,2.87396609291019e-05,"GLUL/ADAMTS1/FZD8/TGFBR2/SAT1/ROCK2/STAT3/RHOB/THBS1/MFGE8/ANXA2/SRF/KLF5/PRKD1/FZD5/ANPEP/AMOTL2/NRP2/PACSIN2/COL4A1/ROCK1/HIF3A/CCN1/LEP/MAPK7/PIK3CA/ANG/VSTM4/CLIC4/ACVRL1/NR4A1/CEMIP2/HDAC7/RGCC/COL4A2/VPS4B/COL4A3/PIK3CD/MEIS3/RUNX1/TNFAIP3/HSPB1/ACTG1/HIPK2/RRAS/DDAH1/STARD13/EMP2/TYMP/MAPK14/PDCD10/ADM/PDGFRB/HDAC5/CCBE1/MTDH/MMP19/CAV1/PPARG/BTG1/SPRY2/RELA/FBLN5/HS6ST1/EPN2/ADIPOR2/FZD4/PARVA/TMEM100/MECP2/QKI/UBP1/SLC31A1/NRXN3/PTK2B/DLL4/AAMP/PDGFRA/RORA/HIF1A/ATP5F1B/TJP1/NPR3/AGTR1/AGO2/PDCL3/PML",87
"GO:0048514","blood vessel morphogenesis","96/1363","472/11712",0.203389830508475,1.74769016501486,6.01734949647426,1.97083815322282e-08,3.34319845391698e-05,2.87396609291019e-05,"GLUL/ADAMTS1/FZD8/TGFBR2/SAT1/ROCK2/STAT3/RHOB/THBS1/MFGE8/ANXA2/SRF/KLF5/PRKD1/FZD5/CITED2/ANPEP/AMOTL2/NRP2/PACSIN2/COL4A1/ROCK1/HIF3A/CCN1/LEP/MAPK7/PIK3CA/ANG/VSTM4/CLIC4/ACVRL1/NR4A1/CEMIP2/TIPARP/HDAC7/RGCC/COL4A2/VPS4B/COL4A3/PIK3CD/MEIS3/RUNX1/TNFAIP3/HSPB1/SEC24B/ACTG1/HIPK2/PRDM1/RRAS/DDAH1/NR2F2/STARD13/EMP2/TYMP/MAPK14/PDCD10/ADM/MYO1E/PDGFRB/HDAC5/CCBE1/MTDH/HEG1/MMP19/CAV1/YAP1/PPARG/PKD2/BTG1/SPRY2/RELA/FBLN5/HS6ST1/EPN2/ADIPOR2/FZD4/PARVA/TMEM100/MECP2/QKI/UBP1/SLC31A1/NRXN3/PTK2B/DLL4/AAMP/PDGFRA/RORA/HIF1A/ATP5F1B/TJP1/NPR3/AGTR1/AGO2/PDCL3/PML",96
"GO:0007169","cell surface receptor protein tyrosine kinase signaling pathway","98/1363","496/11712",0.19758064516129,1.69777293919958,5.76277529439387,6.29649082502752e-08,8.01071045214126e-05,6.88637259705641e-05,"ERRFI1/IRS2/PRKAA1/FOXO1/SORT1/STAT3/THBS1/STAT5B/NR4A3/STON1/PRKD1/RAF1/STAT5A/GDNF/NEDD9/ARHGEF28/PIK3R1/PTPRG/NRP2/COL4A1/CASP3/LEP/PIK3CA/SORBS1/IGF1R/ABL2/RAC1/CPNE3/TIPARP/ANGPTL1/COL4A2/KANK1/TSG101/COL4A3/PTPN12/WASF1/PTPN11/UBASH3B/PIK3CD/MTOR/HSPB1/FAM20C/JAK2/CILP/NR2F2/MAPK14/LGMN/MYO1E/MAP2K1/EPHB6/MYO1C/INPP5K/PSEN1/CRIM1/PDGFRB/ERBIN/CCBE1/NDEL1/GIT1/IRS1/DUSP3/PID1/CAV2/EIF4EBP2/STXBP4/LEPROT/MTSS1/SPRY2/RELA/SOS2/SNX5/SLC27A4/ENPP1/EPN2/RALB/FZD4/CSF1/SHOC2/ITGA1/CRK/GAB2/EPHA4/SHC3/SLC31A1/ADIPOR1/PTK2B/PTPN18/PDK4/PDGFRA/ADAM17/SS18/HIP1/ZFAND5/HIF1A/CBLB/PTPRE/PLEKHA1/TMEM204",98
"GO:0007015","actin filament organization","76/1363","356/11712",0.213483146067416,1.83442010766073,5.80220131390062,7.88563133289118e-08,8.02599557061664e-05,6.89951238305173e-05,"WASF3/ARPC5/CORO6/MYADM/ROCK2/RHOB/ZYX/SYNPO2/SSH2/RAC3/TPM4/DAAM2/SRF/CARMIL1/NEDD9/PIK3R1/FERMT2/MSRB1/GMFB/ROCK1/CALD1/WDR1/ACTR3/CDC42EP3/PIK3CA/SORBS1/ANG/CNN2/CAP1/RAC1/RGCC/KANK1/WHAMM/ARF1/WASF1/LMOD1/FAM107A/MTOR/DSTN/ACTG1/JAK2/NF2/MICAL2/GBA2/EMP2/SWAP70/MYO1E/FLNA/MYO1C/INPP5K/MICAL1/SPECC1L/TPM3/LPAR1/RFLNB/DIAPH2/PAWR/PDLIM1/GSN/TPM2/MTSS1/PLEC/RHOBTB2/ARPC4/VASP/WASHC4/CORO1B/INF2/ACTR2/PTK2B/FCHSD1/CFL1/HIP1/EPS8/TJP1/CORO1C",76
"GO:0043434","response to peptide hormone","72/1363","338/11712",0.21301775147929,1.83042106040018,5.62206442410686,1.90270718565098e-07,0.000161381281129631,0.00013873072041343,"KLF15/ERRFI1/IRS2/PRKAA1/SELENOS/FOXO1/SORT1/CFLAR/AGTRAP/ROCK2/STAT3/STAT5B/NR4A3/KLF5/PRKD1/RAF1/STAT5A/PIK3R1/INHBB/ROCK1/SLC26A6/LEP/PIK3CA/SORBS1/IGF1R/RAB31/NR4A1/RAC1/SGCB/KANK1/PTPN11/MTOR/SCAP/JAK2/RB1/MAPK14/CAT/MYO1C/INPP5K/HSF1/HDAC5/NDEL1/CAV1/CCNA2/IRS1/TBC1D4/PID1/CAV2/EIF4EBP2/PPARG/BTG1/STXBP4/LEPROT/RELA/SOS2/SNX5/KCNJ8/SLC27A4/ENPP1/INHBA/GNRH1/GRIA1/SHOC2/CRK/PRKAR1A/LPIN1/CHUK/ADIPOR1/PDK4/CFL1/AGTR1/PTPRE",72
"GO:0031589","cell-substrate adhesion","62/1363","286/11712",0.216783216783217,1.86277698823554,5.36080715813943,7.19128730005142e-07,0.000522806586713738,0.000449428421338552,"LAMC1/MYADM/ROCK2/PEAK1/ZYX/THBS1/RAC3/ANXA2/SRF/BCL6/STON1/LAMB1/CARMIL1/NID1/HACD1/NEDD9/PIK3R1/FERMT2/ROCK1/TLN1/CCN1/SORBS1/ACVRL1/ITGA10/ANKRD28/RAC1/ACTN4/KANK1/WHAMM/FAM107A/EDA/VCL/ACTG1/JAK2/NF2/RRAS/POPDC1/EMP2/DOCK5/FLNA/LIMS2/DUSP3/PIP5K1A/ITGA8/GPM6B/FBLN5/DAPK3/FZD4/CSF1/PARVA/ITGA1/CRK/PDPN/SPOCK1/RSU1/COL5A3/PPFIA2/PTK2B/CFL1/PKD1/ITGBL1/CORO1C",62
"GO:0003013","circulatory system process","79/1363","399/11712",0.197994987468672,1.70133330391275,5.17270536338154,1.1309420386185e-06,0.000719420504316192,0.000618446725328747,"ABAT/CACNB2/PRKAA1/TJP2/KCNK6/ADRA1B/AGTRAP/ROCK2/SLC38A2/ATP2A2/SLC5A6/CORIN/GCLM/RPS6KA2/PREP/GCH1/ANPEP/ATP1A1/SLC16A12/FERMT2/ROCK1/LEP/PIK3CA/VSTM4/ACVRL1/CELF2/RAC1/DMPK/PTPN11/TRPM4/SLC1A5/MTOR/POPDC1/DDAH1/ACTA2/CBS/LOC102724560/NR2F2/EMP2/CALM1/DOCK5/ADM/MAP2K1/GPD1L/SLC38A1/MAP2K3/FLNA/SRI/SCN7A/HEG1/CAV1/YAP1/MEF2A/GNA12/GSN/PPARG/ABCC9/PLEC/STC1/SLC2A13/SNX5/KCNJ8/SLC27A4/LNPEP/SLC2A10/ITGA1/KCNJ12/SGK1/DNM1L/KCND3/MECP2/SLC7A8/PLOD3/ABCC3/TJP1/NPR3/DMD/ECE1/AGTR1",79
"GO:0050886","endocrine process","20/1363","55/11712",0.363636363636364,3.12465817381445,5.73155863740985,1.63399883489022e-06,0.000923935563417371,0.000794257211439036,"CORIN/RPS6KA2/NIBAN2/PREP/ANPEP/INHBB/LEP/C1QTNF1/PTPN11/RAB11FIP1/TMF1/SELENOM/RAB11FIP3/PPARG/CYP19A1/TRPV6/INHBA/FZD4/ECE1/AGTR1",20
"GO:0060986","endocrine hormone secretion","15/1363","34/11712",0.441176470588235,3.79094557852488,5.91428591888161,1.93779121335718e-06,0.000986141948477468,0.00084773266133815,"NIBAN2/INHBB/LEP/C1QTNF1/PTPN11/RAB11FIP1/TMF1/SELENOM/RAB11FIP3/PPARG/CYP19A1/TRPV6/INHBA/FZD4/AGTR1",15
"GO:0015850","organic hydroxy compound transport","40/1363","162/11712",0.246913580246914,2.12168147604685,5.21713155348456,2.46991454778932e-06,0.0011426722848818,0.000982293288096881,"ABAT/ANXA2/STX12/RALBP1/GDNF/VPS4A/SLC26A6/C1QTNF1/ACTB/VPS4B/NPC1/VAPA/PTPN11/SOAT1/TMF1/SLC75A1/NFKBIA/TPCN2/TSKU/FURIN/SELENOM/CAV1/SLC19A3/AKR1C1/PPARG/SLC19A2/GPM6B/SLC2A13/CYP19A1/NR1H2/ABCA4/ARL8B/MECP2/PINK1/ZDHHC8/VAPB/SLC44A2/TOR1A/ABCC3/AGTR1",40
"GO:1904659","D-glucose transmembrane transport","25/1363","81/11712",0.308641975308642,2.65210184505856,5.41460179282787,2.86488381642136e-06,0.00121494947848069,0.00104442606500414,"KLF15/IRS2/SELENOS/SLC45A1/SORT1/NR4A3/PRKAG2/PIK3R1/ARPP19/LEP/SORBS1/SGCB/PTPN11/MAPK14/INPP5K/CLTCL1/IRS1/MEF2A/PID1/STXBP4/SLC27A4/ENPP1/SLC2A10/OPN3/RAB4B",25
"GO:0040017","positive regulation of locomotion","85/1363","451/11712",0.188470066518847,1.61948746813554,4.8688684638995,3.62480079312141e-06,0.00134079384110073,0.00115260762710379,"IRS2/ADAMTS1/TGFBR2/MYADM/ROCK2/STAT3/NSMF/SUN2/RHOB/OXSR1/SYNPO2/THBS1/NR4A3/IL16/DAAM2/BCL6/LAMB1/PRKD1/CARMIL1/STAT5A/NEDD9/IL6R/PIK3R1/FERMT2/NRP2/CCN1/SYDE1/IGF1R/ABL2/TWIST2/RAC1/CPNE3/ACTN4/HDAC7/ACVR1B/FAM107A/PIK3CD/CAVIN1/MTOR/LAMC2/HSPB1/ACTG1/JAK2/RRAS/POPDC1/ACTA2/PDCD10/SWAP70/DOCK5/LGMN/MAP2K1/MAP2K3/FLNA/MYO1C/PDGFRB/LPAR1/CCBE1/CAV1/RRAS2/DAPK2/SPRY2/SEMA6C/MOSPD2/DAPK3/GRIA1/FZD4/F10/CSF1/PLCG2/CRK/PDPN/EPHA4/DNM1L/PINK1/CFAP69/PTK2B/CFL1/AAMP/PDGFRA/ADAM17/FUT4/HIF1A/ATP5F1B/TJP1/AGO2",85
"GO:0032970","regulation of actin filament-based process","63/1363","306/11712",0.205882352941176,1.76910793664494,4.94740025979605,3.68856627538028e-06,0.00134079384110073,0.00115260762710379,"WASF3/ARPC5/MYADM/ROCK2/ATP2A2/SYNPO2/SSH2/RAC3/DAAM2/PRKD1/CARMIL1/NEDD9/PIK3R1/FERMT2/GMFB/ROCK1/WDR1/CDC42EP3/PIK3CA/CNN2/ABL2/RAC1/RGCC/KANK1/WHAMM/ARF1/WASF1/LMOD1/FAM107A/TRPM4/MTOR/DSTN/ACTG1/NF2/ACTA2/GBA2/NAA20/AKAP13/SWAP70/FLNA/INPP5K/PDGFRB/SPECC1L/LPAR1/SRI/CAV1/GSN/MTSS1/GPM6B/STC1/RHOBTB2/DAPK3/VASP/WASHC4/CORO1B/CRK/PDPN/PTK2B/FCHSD1/CFL1/PDGFRA/EPS8/TJP1",63
"GO:0003012","muscle system process","61/1363","295/11712",0.206779661016949,1.77681833443177,4.90399704270308,4.53576912649931e-06,0.001538835272317,0.00132285308699868,"ABAT/KLF15/APBB2/ERRFI1/CACNB2/ANXA6/PDLIM5/FOXO3/FOXO1/ADRA1B/CFLAR/ROCK2/LMCD1/ATP2A2/FKRP/NR4A3/TPM4/SRF/PRKD1/ATP1A1/GDNF/ROCK1/CALD1/LEP/PIK3CA/DMPK/MYL6/LMOD1/TRPM4/MTOR/FBXO32/ACTA2/TPCN2/CALM1/DOCK5/MAP2K1/GPD1L/MAP2K3/FLNA/PDGFRB/TPM3/TNFRSF1B/SRI/SCN7A/CAV1/MEF2A/GSN/PPARG/TPM2/ABCC9/STC1/KCNJ8/DAPK3/KCNJ12/KCND3/CHUK/NPR3/DMD/ADGRD1/MYOZ2/EMD",61
"GO:0008645","hexose transmembrane transport","25/1363","84/11712",0.297619047619048,2.55738392202075,5.19850592466175,5.93790907115947e-06,0.00188862620394566,0.00162354934866702,"KLF15/IRS2/SELENOS/SLC45A1/SORT1/NR4A3/PRKAG2/PIK3R1/ARPP19/LEP/SORBS1/SGCB/PTPN11/MAPK14/INPP5K/CLTCL1/IRS1/MEF2A/PID1/STXBP4/SLC27A4/ENPP1/SLC2A10/OPN3/RAB4B",25
"GO:0030198","extracellular matrix organization","51/1363","236/11712",0.216101694915254,1.85692080032829,4.82610916593474,7.54075353333107e-06,0.00196988907337171,0.00169340662293964,"APBB2/CRISPLD2/ADAMTS1/LAMC1/ADAMTS2/CFLAR/STAT3/LAMA2/PTX3/FKRP/ANXA2/LAMB1/NID1/COL4A1/CCN1/ADAMTS5/AXIN2/COL4A4/RGCC/COL4A2/COL11A1/COL4A3/MMP15/RUNX1/ANGPTL7/RB1/COL5A2/MYO1E/FURIN/TNFRSF1B/MMP19/CAV1/CAV2/PAPLN/DNAJB6/PPARG/ITGA8/GPM6B/ATXN1L/FBLN5/CST3/SPINT2/SLC2A10/PDPN/COL5A3/ADAMTS7/PDGFRA/SH3PXD2B/PHLDB1/PLOD3/ADAMTSL4",51
"GO:0043062","extracellular structure organization","51/1363","236/11712",0.216101694915254,1.85692080032829,4.82610916593474,7.54075353333107e-06,0.00196988907337171,0.00169340662293964,"APBB2/CRISPLD2/ADAMTS1/LAMC1/ADAMTS2/CFLAR/STAT3/LAMA2/PTX3/FKRP/ANXA2/LAMB1/NID1/COL4A1/CCN1/ADAMTS5/AXIN2/COL4A4/RGCC/COL4A2/COL11A1/COL4A3/MMP15/RUNX1/ANGPTL7/RB1/COL5A2/MYO1E/FURIN/TNFRSF1B/MMP19/CAV1/CAV2/PAPLN/DNAJB6/PPARG/ITGA8/GPM6B/ATXN1L/FBLN5/CST3/SPINT2/SLC2A10/PDPN/COL5A3/ADAMTS7/PDGFRA/SH3PXD2B/PHLDB1/PLOD3/ADAMTSL4",51
"GO:0006979","response to oxidative stress","68/1363","346/11712",0.196531791907514,1.68876034249509,4.7195227270513,8.19033699416206e-06,0.00196988907337171,0.00169340662293964,"DUSP1/PRKAA1/GPX3/RBPMS/SELENOS/FOXO3/TRPC6/FOXO1/AIFM2/TLDC2/PRR5L/RHOB/ATP2A2/OXSR1/NR4A3/GCLM/PRKD1/ARL6IP5/GCH1/MSRB3/STX2/CASP3/VKORC1L1/PPP5C/MAPK7/ABL2/GSR/RLIG1/MAP3K5/BMAL1/MAP1LC3A/TNFAIP3/JAK2/ANGPTL7/PDCD10/CAT/MAP2K1/PRDX6/PSEN1/PPP2CB/HSF1/PNPLA8/MCTP1/PYCR2/SLC11A2/PAWR/PDLIM1/PKD2/MICB/BTG1/ABCC9/ETV5/RELA/FBLN5/CRK/CAMKK2/CHUK/PINK1/FCHSD1/CFL1/PDGFRA/TOR1A/MTF1/RCAN1/HIF1A/GPR37/PLEKHA1/PML",68
"GO:0008643","carbohydrate transport","27/1363","96/11712",0.28125,2.41672780630961,5.05812383511916,8.28887368921624e-06,0.00196988907337171,0.00169340662293964,"KLF15/IRS2/SELENOS/SLC45A1/SORT1/NR4A3/PRKAG2/PIK3R1/SLC26A6/ARPP19/LEP/SORBS1/SGCB/PTPN11/MAPK14/INPP5K/CLTCL1/IRS1/MEF2A/PID1/MFSD12/STXBP4/SLC27A4/ENPP1/SLC2A10/OPN3/RAB4B",27
"GO:0010876","lipid localization","62/1363","307/11712",0.201954397394137,1.73535576102724,4.73821504122788,8.40033071902934e-06,0.00196988907337171,0.00169340662293964,"PNPLA2/IRS2/ACSL1/TEX2/THBS1/STARD7/ANXA2/ABCA6/STX12/CIDEC/VPS4A/ABHD5/ATG9A/LEP/C1QTNF1/VMP1/PLEKHA8/CPT1A/VPS4B/NPC1/VDAC2/VAPA/PTPN11/SOAT1/PLSCR4/PITPNC1/TMF1/NFKBIA/PITPNB/TPCN2/ATP10A/TSKU/PITPNA/ESYT2/VPS13D/FURIN/PNPLA8/SELENOM/ATP11C/CAV1/LPCAT3/SLC66A2/AKR1C1/PPARG/CYP19A1/KCNJ8/SLC27A4/INHBA/FZD4/PRELID2/NR1H2/ABCA4/SPART/ARL8B/ZDHHC8/GM2A/SERINC3/VAPB/CLPTM1L/ATP11B/ABCC3/AGTR1",62
"GO:2000147","positive regulation of cell motility","82/1363","441/11712",0.1859410430839,1.59775605032916,4.64363178694286,9.16241236132006e-06,0.00196988907337171,0.00169340662293964,"IRS2/ADAMTS1/TGFBR2/MYADM/ROCK2/STAT3/NSMF/SUN2/RHOB/OXSR1/SYNPO2/THBS1/NR4A3/DAAM2/BCL6/LAMB1/PRKD1/CARMIL1/STAT5A/NEDD9/IL6R/PIK3R1/FERMT2/NRP2/CCN1/SYDE1/IGF1R/ABL2/TWIST2/RAC1/CPNE3/ACTN4/HDAC7/ACVR1B/FAM107A/PIK3CD/CAVIN1/MTOR/LAMC2/HSPB1/ACTG1/JAK2/RRAS/ACTA2/PDCD10/SWAP70/DOCK5/LGMN/MAP2K1/MAP2K3/FLNA/MYO1C/PDGFRB/LPAR1/CCBE1/CAV1/RRAS2/DAPK2/SPRY2/SEMA6C/MOSPD2/DAPK3/FZD4/F10/CSF1/PLCG2/CRK/PDPN/EPHA4/DNM1L/PINK1/CFAP69/PTK2B/CFL1/AAMP/PDGFRA/ADAM17/FUT4/HIF1A/ATP5F1B/TJP1/AGO2",82
"GO:0006869","lipid transport","60/1363","295/11712",0.203389830508475,1.74769016501486,4.72011305033518,9.31573417804952e-06,0.00196988907337171,0.00169340662293964,"IRS2/ACSL1/TEX2/THBS1/STARD7/ANXA2/ABCA6/STX12/CIDEC/VPS4A/ATG9A/LEP/C1QTNF1/VMP1/PLEKHA8/CPT1A/VPS4B/NPC1/VDAC2/VAPA/PTPN11/SOAT1/PLSCR4/PITPNC1/TMF1/NFKBIA/PITPNB/TPCN2/ATP10A/TSKU/PITPNA/ESYT2/VPS13D/FURIN/PNPLA8/SELENOM/ATP11C/CAV1/LPCAT3/SLC66A2/AKR1C1/PPARG/CYP19A1/KCNJ8/SLC27A4/INHBA/FZD4/PRELID2/NR1H2/ABCA4/SPART/ARL8B/ZDHHC8/GM2A/SERINC3/VAPB/CLPTM1L/ATP11B/ABCC3/AGTR1",60
"GO:0015749","monosaccharide transmembrane transport","25/1363","86/11712",0.290697674418605,2.4979098773226,5.05959175045232,9.41471209640618e-06,0.00196988907337171,0.00169340662293964,"KLF15/IRS2/SELENOS/SLC45A1/SORT1/NR4A3/PRKAG2/PIK3R1/ARPP19/LEP/SORBS1/SGCB/PTPN11/MAPK14/INPP5K/CLTCL1/IRS1/MEF2A/PID1/STXBP4/SLC27A4/ENPP1/SLC2A10/OPN3/RAB4B",25
"GO:0045229","external encapsulating structure organization","51/1363","238/11712",0.214285714285714,1.84131642385494,4.75867612552541,9.67719136063919e-06,0.00196988907337171,0.00169340662293964,"APBB2/CRISPLD2/ADAMTS1/LAMC1/ADAMTS2/CFLAR/STAT3/LAMA2/PTX3/FKRP/ANXA2/LAMB1/NID1/COL4A1/CCN1/ADAMTS5/AXIN2/COL4A4/RGCC/COL4A2/COL11A1/COL4A3/MMP15/RUNX1/ANGPTL7/RB1/COL5A2/MYO1E/FURIN/TNFRSF1B/MMP19/CAV1/CAV2/PAPLN/DNAJB6/PPARG/ITGA8/GPM6B/ATXN1L/FBLN5/CST3/SPINT2/SLC2A10/PDPN/COL5A3/ADAMTS7/PDGFRA/SH3PXD2B/PHLDB1/PLOD3/ADAMTSL4",51
"GO:0046323","D-glucose import","20/1363","61/11712",0.327868852459016,2.81731474688188,5.1642729959841,1.01422396100523e-05,0.00198514836059832,0.00170652420321366,"KLF15/IRS2/SELENOS/SORT1/PRKAG2/PIK3R1/ARPP19/LEP/SORBS1/SGCB/PTPN11/MAPK14/CLTCL1/IRS1/MEF2A/PID1/SLC27A4/ENPP1/OPN3/RAB4B",20
"GO:0008015","blood circulation","66/1363","336/11712",0.196428571428571,1.6878733885337,4.64279042750751,1.12994058543297e-05,0.00212972875528459,0.00183081211425319,"ABAT/CACNB2/PRKAA1/TJP2/KCNK6/ADRA1B/AGTRAP/ROCK2/ATP2A2/CORIN/GCLM/RPS6KA2/PREP/GCH1/ANPEP/ATP1A1/FERMT2/ROCK1/LEP/PIK3CA/VSTM4/ACVRL1/CELF2/DMPK/PTPN11/TRPM4/MTOR/POPDC1/DDAH1/ACTA2/CBS/LOC102724560/NR2F2/EMP2/CALM1/DOCK5/ADM/MAP2K1/GPD1L/MAP2K3/FLNA/SRI/SCN7A/CAV1/MEF2A/GNA12/GSN/PPARG/ABCC9/PLEC/STC1/SNX5/KCNJ8/LNPEP/ITGA1/KCNJ12/SGK1/DNM1L/KCND3/MECP2/PLOD3/TJP1/NPR3/DMD/ECE1/AGTR1",66
"GO:0010810","regulation of cell-substrate adhesion","42/1363","184/11712",0.228260869565217,1.96140227758461,4.77015838381988,1.17445176770969e-05,0.00213456608781236,0.00183497050624115,"MYADM/ROCK2/PEAK1/THBS1/RAC3/BCL6/CARMIL1/NID1/HACD1/NEDD9/PIK3R1/FERMT2/ROCK1/TLN1/CCN1/ACVRL1/ANKRD28/RAC1/ACTN4/KANK1/FAM107A/VCL/ACTG1/JAK2/NF2/RRAS/EMP2/DOCK5/FLNA/LIMS2/DUSP3/GPM6B/DAPK3/FZD4/CSF1/CRK/PDPN/SPOCK1/RSU1/PTK2B/CFL1/CORO1C",42
"GO:2000146","negative regulation of cell motility","51/1363","240/11712",0.2125,1.82597212032282,4.6918829071054,1.2362730360491e-05,0.00216944602774271,0.00186495489576046,"DUSP1/FOXO3/ALOX15B/SAP30/STAT3/RHOB/THBS1/SRF/SERPINB1/CITED2/NEDD9/NAV3/PTPRG/ING2/CNN2/CLIC4/ACVRL1/RAC1/RGCC/KANK1/NBL1/MICOS10-NBL1/VCL/NF2/RRAS/RNF41/NR2F2/STARD13/PDCD10/ADARB1/HDAC5/MCTP1/DUSP3/IDH2/GNA12/PPARG/GTPBP4/STC1/CYP19A1/BMERB1/SPINT2/GNRH1/CORO1B/CRK/EPHA4/MECP2/ADIPOR1/DDT/DLL4/CFL1/CORO1C",51
"GO:0034219","carbohydrate transmembrane transport","26/1363","93/11712",0.279569892473118,2.40229096158853,4.92709525101018,1.36321225804694e-05,0.00231246239373362,0.00198789829629581,"KLF15/IRS2/SELENOS/SLC45A1/SORT1/NR4A3/PRKAG2/PIK3R1/SLC26A6/ARPP19/LEP/SORBS1/SGCB/PTPN11/MAPK14/INPP5K/CLTCL1/IRS1/MEF2A/PID1/STXBP4/SLC27A4/ENPP1/SLC2A10/OPN3/RAB4B",26
"GO:1901699","cellular response to nitrogen compound","87/1363","481/11712",0.180873180873181,1.55420887335781,4.50435410127896,1.49038642709838e-05,0.00244663758951731,0.00210324142309707,"KLF15/ERRFI1/IRS2/PRKAA1/SELENOS/FOXO3/FOXO1/CFLAR/AGTRAP/ROCK2/STAT3/STAT5B/NR4A3/GCLM/KLF5/PRKD1/RAF1/STAT5A/PIK3R1/AKAP7/INHBB/ROCK1/CASP3/SLC26A6/DDI2/LEP/PIK3CA/SORBS1/IGF1R/RAB31/NR4A1/RAC1/SGCB/SHMT1/ACTB/KANK1/MBD2/MAP3K5/PTPN11/TRPM4/MTOR/JAK2/RB1/LGMN/FLNA/MYO1C/INPP5K/PSEN1/RIOK3/HSF1/HDAC5/NDEL1/CAV1/CCNA2/IRS1/TBC1D4/PID1/ITPR2/CAV2/EIF4EBP2/PPARG/PKD2/STXBP4/ABCC9/MAVS/LEPROT/RELA/STC1/SOS2/SPIDR/SNX5/RAP1B/SLC27A4/ENPP1/INHBA/GRIA1/SHOC2/CRK/EPHA4/PRKAR1A/LPIN1/ADIPOR1/PDK4/CFL1/AGTR1/PTPRE/PDE12",87
"GO:0046324","regulation of D-glucose import","16/1363","44/11712",0.363636363636364,3.12465817381445,5.12404483786973,1.78823138657851e-05,0.00280116016440798,0.00240800522143314,"KLF15/IRS2/SELENOS/PRKAG2/PIK3R1/ARPP19/LEP/SORBS1/PTPN11/MAPK14/CLTCL1/IRS1/MEF2A/PID1/ENPP1/OPN3",16
"GO:0003382","epithelial cell morphogenesis","11/1363","23/11712",0.478260869565217,4.10960477208204,5.41721606516631,1.81643319759213e-05,0.00280116016440798,0.00240800522143314,"AMOTL2/ROCK1/CLIC4/RAC1/PALLD/HEG1/RILPL2/STC1/SPINT2/PLOD3/MAGI1",11
"GO:0061448","connective tissue development","49/1363","232/11712",0.211206896551724,1.8148607281099,4.54937944448044,2.1581083619663e-05,0.00323018042766073,0.00277681063539688,"ZBTB16/ERRFI1/PRKAA1/TGFBR2/CFLAR/FKRP/SRF/IL6R/SLC39A13/CCN1/LEP/PIK3CA/ACVRL1/AXIN2/PKDCC/GDF7/COL11A1/PTPN11/TRPM4/RUNX1/OXCT1/RB1/ACTA2/CBS/LOC102724560/SLC25A25/ABHD15/MAPK14/RASAL2/TSKU/FRZB/PDGFRB/RFLNB/SELENOM/SOX5/BMPR1B/PPARG/ARID5A/BPNT2/SLC26A2/STC1/CSF1/SPART/ADAMTS7/CREB3L2/SH3PXD2B/PKD1/HIF1A/LNPK",49
"GO:0010827","regulation of D-glucose transmembrane transport","19/1363","59/11712",0.322033898305085,2.76717609460686,4.93835930955564,2.24431360782298e-05,0.00326323198577462,0.00280522326439468,"KLF15/IRS2/SELENOS/NR4A3/PRKAG2/PIK3R1/ARPP19/LEP/SORBS1/PTPN11/MAPK14/INPP5K/CLTCL1/IRS1/MEF2A/PID1/STXBP4/ENPP1/OPN3",19
"GO:0001666","response to hypoxia","51/1363","246/11712",0.207317073170732,1.78143621494909,4.49521889000581,2.51052149144909e-05,0.00342940762446747,0.00294807543355365,"ABAT/PRKAA1/HIGD1A/FOXO3/TRPC6/CFLAR/AGTRAP/ROCK2/STAT3/MYC/THBS1/SRF/CITED2/CASP3/HIF3A/LEP/ANG/RGCC/CPT1A/MTOR/SCAP/HIPK2/DDAH1/CBS/LOC102724560/CAT/WTIP/MAP2K1/HSF1/RAD21/CAV1/CCNA2/SLC11A2/ITPR2/PDLIM1/PPARG/ABCC9/STC1/KCNJ8/INHBA/FZD4/TMBIM6/EPHA4/MECP2/PINK1/UBQLN1/ADAM17/RORA/HIF1A/ARNT2/PML",51
"GO:0010817","regulation of hormone levels","64/1363","331/11712",0.193353474320242,1.66144966341795,4.43012836153959,2.55850446133218e-05,0.00342940762446747,0.00294807543355365,"ABAT/PNPLA2/IRS2/FOXO1/STAT5B/CORIN/HSD17B11/ADH1B/PRKD1/RAF1/NIBAN2/PREP/ANPEP/ATP1A1/NADK/INHBB/LEP/ADH1C/C1QTNF1/TM7SF3/RAC1/TIPARP/BCAT2/CPT1A/DIO2/PTPN11/BMAL1/RAB11FIP1/TRPM4/PLB1/SIDT2/OXCT1/TMF1/JAK2/ADM/FURIN/JAGN1/GCNT4/SELENOM/SRI/RAB11FIP3/IRS1/AKR1C1/PPARG/STXBP4/PCSK7/CYP19A1/TRPV6/ADH6/INHBA/FZD4/DHRS3/GLUD1/PRKAR1A/LIPE/ITSN1/HSD17B4/PDGFRA/SRD5A3/SLC7A8/HIF1A/ECE1/AGTR1/PLEKHA1",64
"GO:0036293","response to decreased oxygen levels","53/1363","259/11712",0.204633204633205,1.75837424260021,4.47888127907975,2.56076812202326e-05,0.00342940762446747,0.00294807543355365,"ABAT/PRKAA1/HIGD1A/FOXO3/TRPC6/CFLAR/AGTRAP/ROCK2/STAT3/MYC/THBS1/SRF/CITED2/CASP3/HIF3A/LEP/ANG/RGCC/CPT1A/MAP1LC3A/MTOR/SCAP/HIPK2/DDAH1/CBS/LOC102724560/CAT/WTIP/MAP2K1/HSF1/RAD21/CAV1/CCNA2/SLC11A2/ITPR2/PDLIM1/PPARG/ABCC9/STC1/KCNJ8/INHBA/FZD4/BNIP2/TMBIM6/EPHA4/MECP2/PINK1/UBQLN1/ADAM17/RORA/HIF1A/ARNT2/PML",53
"GO:0030048","actin filament-based movement","25/1363","91/11712",0.274725274725275,2.36066208186531,4.72873473990038,2.75226554475656e-05,0.00359135368135029,0.00308729166100088,"CACNB2/SUN2/ATP2A2/ATP1A1/ROCK1/PIK3CA/ACTN4/MYL6/TRPM4/ACTA2/EMP2/GPD1L/FLNA/MYO1C/SRI/SCN7A/CAV1/GSN/ABCC9/STC1/KCNJ8/PARVA/PDPN/KCND3/QKI",25
"GO:0034762","regulation of transmembrane transport","53/1363","260/11712",0.203846153846154,1.75161126474406,4.44769512057937,2.861303625584e-05,0.00364029353764924,0.00312936259682292,"STOM/KLF15/CACNB2/IRS2/SELENOS/ACSL1/TRPC6/OXSR1/THBS1/NR4A3/PRKD1/PRKAG2/ARL6IP5/PIK3R1/AKAP7/SLC26A6/ARPP19/LEP/SORBS1/VMP1/CHP1/ACTN4/PTPN11/UBASH3B/MAPK14/CALM1/FLNA/INPP5K/PSEN1/SRI/CLTCL1/CAV1/GNB2/IRS1/MEF2A/PID1/STXBP4/ABCC9/KCNJ8/ENPP1/GRIA1/KCNS3/TMBIM6/KCNJ12/TMC2/FHL1/PTK2B/OPN3/UBQLN1/UBR3/AHNAK/DMD/PML",53
"GO:0032869","cellular response to insulin stimulus","39/1363","173/11712",0.225433526011561,1.93710745168555,4.50634130029457,3.21527128805961e-05,0.00395114621243915,0.00339658575439226,"ERRFI1/IRS2/PRKAA1/SELENOS/FOXO1/CFLAR/RAF1/PIK3R1/INHBB/LEP/PIK3CA/SORBS1/IGF1R/RAB31/SGCB/KANK1/PTPN11/MTOR/RB1/MYO1C/INPP5K/HDAC5/NDEL1/IRS1/TBC1D4/PID1/CAV2/EIF4EBP2/PPARG/STXBP4/RELA/SOS2/SNX5/SLC27A4/ENPP1/LPIN1/ADIPOR1/PDK4/PTPRE",39
"GO:0044057","regulation of system process","67/1363","354/11712",0.189265536723164,1.62632279244438,4.34254812538275,3.37962682104664e-05,0.00395114621243915,0.00339658575439226,"ABAT/ERRFI1/CACNB2/ANXA6/WASF3/FOXO3/FOXO1/GLS/ADRA1B/ROCK2/LMCD1/ATP2A2/CORIN/NR4A3/SRF/PRKD1/GCH1/ATP1A1/INHBB/ROCK1/LEP/C1QTNF1/CELF2/DMPK/PTPN11/TRPM4/CTSC/FBXO32/POPDC1/NEGR1/EMP2/TYMP/CALM1/DOCK5/ADM/MAP2K1/GPD1L/FLNA/INPP5K/TNFRSF1B/SRI/CAV1/LPCAT3/RNF10/MEF2A/PPARG/ABCC9/STC1/CYP19A1/KCNJ8/DAPK3/INHBA/GRIA1/NR1H2/TMEM100/KCNJ12/SGK1/KCND3/LPIN1/MECP2/QKI/PTK2B/NPR3/DMD/ECE1/AGTR1/ADGRD1",67
"GO:0030335","positive regulation of cell migration","78/1363","429/11712",0.181818181818182,1.56232908690722,4.30628357414479,3.41620030157836e-05,0.00395114621243915,0.00339658575439226,"IRS2/ADAMTS1/TGFBR2/MYADM/ROCK2/STAT3/NSMF/SUN2/RHOB/OXSR1/SYNPO2/THBS1/NR4A3/DAAM2/LAMB1/PRKD1/CARMIL1/STAT5A/NEDD9/IL6R/PIK3R1/FERMT2/NRP2/CCN1/SYDE1/IGF1R/ABL2/TWIST2/RAC1/CPNE3/ACTN4/HDAC7/ACVR1B/FAM107A/PIK3CD/MTOR/LAMC2/HSPB1/ACTG1/JAK2/RRAS/ACTA2/PDCD10/SWAP70/DOCK5/LGMN/MAP2K1/MAP2K3/FLNA/MYO1C/PDGFRB/LPAR1/CCBE1/CAV1/RRAS2/DAPK2/SPRY2/SEMA6C/MOSPD2/DAPK3/FZD4/F10/CSF1/PLCG2/CRK/PDPN/EPHA4/DNM1L/PINK1/PTK2B/AAMP/PDGFRA/ADAM17/FUT4/HIF1A/ATP5F1B/TJP1/AGO2",78
"GO:0030855","epithelial cell differentiation","78/1363","429/11712",0.181818181818182,1.56232908690722,4.30628357414479,3.41620030157836e-05,0.00395114621243915,0.00339658575439226,"KLF15/ERRFI1/ANXA4/TST/ALOX15B/TJP2/MYADM/ROCK2/MAFF/NCOA3/RHEB/STAT5B/KLF5/FZD5/STAT5A/SPRED2/GDNF/AMOTL2/COL4A1/ROCK1/CASP3/TGFB1I1/CLIC4/ACVRL1/GDF7/RAC1/CPT1A/TSG101/ASXL1/BMAL1/SIDT2/FSTL1/PALLD/VCL/FAM20C/SEC24B/PRDM1/NF2/ACTA2/NR2F2/FAT4/MYO1E/MAP2K1/FRZB/TDRD7/FLNA/WDR77/TAGLN/HEG1/LBH/CAV1/YAP1/PIP5K1A/AKR1C1/PPARG/BTG1/RILPL2/MTSS1/SPRY2/PLEC/STC1/RAP1B/ZNF800/INHBA/SPINT2/FZD4/IKBKB/TMEM100/PDPN/XDH/OPN3/HSD17B4/NFKBIZ/PLOD3/ADAMTSL4/HIF1A/TJP1/MAGI1",78
"GO:0030099","myeloid cell differentiation","65/1363","341/11712",0.190615835777126,1.63792565562854,4.33854047387339,3.51664019030622e-05,0.00397692931743742,0.00341875008910238,"ZBTB16/GLUL/FOXO3/TGFBR2/CFLAR/STAT3/MYC/STAT5B/TPM4/ANXA2/SRF/BCL6/HMGB2/FSTL3/CITED2/STAT5A/NEDD9/PIK3R1/CASP3/WDR1/RAC1/KLF13/ACVR1B/PTPN11/UBASH3B/PIK3CD/SLC1A5/MTOR/RUNX1/FAM20C/HIPK2/NFKBIA/JAK2/RB1/RNF41/BATF3/MAPK14/FLNA/PSEN1/OSTM1/HSF1/GPR137B/JAGN1/SNRK/SLC11A2/CDC73/PPARG/MFHAS1/FARP2/ABCB10/INHBA/CSF1/NDFIP1/GAB2/TMEM64/CBFB/QKI/PTK2B/MTURN/HIF1A/LTBR/GAB3/CORO1C/TOB2/PML",65
"GO:0032956","regulation of actin cytoskeleton organization","55/1363","276/11712",0.199275362318841,1.71233532170085,4.34607956011528,3.95828252546191e-05,0.00437906516784254,0.00376444443382602,"WASF3/ARPC5/MYADM/ROCK2/SYNPO2/SSH2/RAC3/DAAM2/PRKD1/CARMIL1/NEDD9/PIK3R1/FERMT2/GMFB/ROCK1/WDR1/CDC42EP3/PIK3CA/ABL2/RAC1/RGCC/KANK1/WHAMM/ARF1/WASF1/LMOD1/FAM107A/MTOR/DSTN/ACTG1/NF2/GBA2/NAA20/AKAP13/SWAP70/FLNA/INPP5K/PDGFRB/SPECC1L/LPAR1/GSN/MTSS1/GPM6B/RHOBTB2/DAPK3/VASP/WASHC4/CORO1B/CRK/PTK2B/FCHSD1/CFL1/PDGFRA/EPS8/TJP1",55
"GO:0030336","negative regulation of cell migration","48/1363","231/11712",0.207792207792208,1.7855189564654,4.37591146366879,4.04979938263015e-05,0.00438498490600103,0.00376953331113346,"DUSP1/FOXO3/ALOX15B/SAP30/STAT3/RHOB/THBS1/SRF/SERPINB1/CITED2/NEDD9/NAV3/PTPRG/ING2/CNN2/CLIC4/ACVRL1/RAC1/RGCC/KANK1/NBL1/MICOS10-NBL1/VCL/NF2/RRAS/RNF41/NR2F2/STARD13/PDCD10/ADARB1/HDAC5/MCTP1/DUSP3/IDH2/GNA12/PPARG/GTPBP4/STC1/CYP19A1/BMERB1/GNRH1/CORO1B/EPHA4/MECP2/ADIPOR1/DDT/DLL4/CORO1C",48
"GO:0070482","response to oxygen levels","56/1363","283/11712",0.197879858657244,1.70034402391316,4.32808970491862,4.14960148429885e-05,0.004399442073666,0.00378196135279518,"ABAT/PRKAA1/HIGD1A/FOXO3/TRPC6/FOXO1/CFLAR/AGTRAP/ROCK2/STAT3/MYC/THBS1/SRF/CITED2/CASP3/HIF3A/LEP/ANG/RGCC/CPT1A/MAP1LC3A/MTOR/ATP6V0A2/SCAP/HIPK2/DDAH1/CBS/LOC102724560/CAT/WTIP/MAP2K1/HSF1/LPAR1/RAD21/CAV1/CCNA2/SLC11A2/ITPR2/PDLIM1/PPARG/ABCC9/STC1/KCNJ8/INHBA/FZD4/BNIP2/TMBIM6/EPHA4/MECP2/PINK1/UBQLN1/ADAM17/RORA/HIF1A/ARNT2/PML",56
"GO:0070252","actin-mediated cell contraction","22/1363","77/11712",0.285714285714286,2.45508856513992,4.64886914024816,4.27369462111406e-05,0.00443853712792846,0.00381556924712138,"CACNB2/ATP2A2/ATP1A1/ROCK1/PIK3CA/MYL6/TRPM4/ACTA2/EMP2/GPD1L/FLNA/SRI/SCN7A/CAV1/GSN/ABCC9/STC1/KCNJ8/PARVA/PDPN/KCND3/QKI",22
"GO:0032868","response to insulin","45/1363","213/11712",0.211267605633803,1.81538238971614,4.35829694855869,4.58152430348578e-05,0.00466307543608782,0.00400859263269198,"KLF15/ERRFI1/IRS2/PRKAA1/SELENOS/FOXO1/SORT1/CFLAR/RAF1/PIK3R1/INHBB/LEP/PIK3CA/SORBS1/IGF1R/RAB31/SGCB/KANK1/PTPN11/MTOR/SCAP/RB1/MAPK14/CAT/MYO1C/INPP5K/HDAC5/NDEL1/IRS1/TBC1D4/PID1/CAV2/EIF4EBP2/PPARG/STXBP4/RELA/SOS2/SNX5/KCNJ8/SLC27A4/ENPP1/LPIN1/ADIPOR1/PDK4/PTPRE",45
"GO:0002064","epithelial cell development","34/1363","146/11712",0.232876712328767,2.00106533734007,4.41715849446311,5.05521361939458e-05,0.00504431021747039,0.00433631946381917,"TJP2/MYADM/ROCK2/RHEB/KLF5/FZD5/AMOTL2/ROCK1/CLIC4/RAC1/ASXL1/BMAL1/SIDT2/PALLD/VCL/PRDM1/ACTA2/MYO1E/FRZB/FLNA/HEG1/YAP1/RILPL2/PLEC/STC1/RAP1B/SPINT2/IKBKB/HSD17B4/PLOD3/ADAMTSL4/HIF1A/TJP1/MAGI1",34
"GO:0007160","cell-matrix adhesion","41/1363","189/11712",0.216931216931217,1.86404872538402,4.34592352661407,5.24141892791927e-05,0.00512953479311176,0.00440958240170698,"ROCK2/PEAK1/ZYX/THBS1/ANXA2/SRF/BCL6/STON1/NID1/PIK3R1/FERMT2/ROCK1/TLN1/SORBS1/ACVRL1/ITGA10/ANKRD28/RAC1/WHAMM/FAM107A/EDA/VCL/ACTG1/NF2/RRAS/EMP2/DUSP3/PIP5K1A/ITGA8/GPM6B/FBLN5/DAPK3/CSF1/ITGA1/COL5A3/PPFIA2/PTK2B/CFL1/PKD1/ITGBL1/CORO1C",41
"GO:0022602","ovulation cycle process","13/1363","34/11712",0.382352941176471,3.2854861680549,4.84316812392667,5.95109628158224e-05,0.00571417527867397,0.00491216606678367,"ADAMTS1/FOXO3/PTX3/STAT5B/STAT5A/CASP3/LEP/MMP19/BMPR1B/INHBA/FZD4/PDGFRA/PLEKHA1",13
"GO:0040013","negative regulation of locomotion","51/1363","254/11712",0.200787401574803,1.7253279877066,4.24123766795832,6.08921056348674e-05,0.00573851714029334,0.00493309144285593,"DUSP1/FOXO3/ALOX15B/SAP30/STAT3/RHOB/THBS1/SRF/SERPINB1/CITED2/NEDD9/NAV3/PTPRG/ING2/CNN2/CLIC4/ACVRL1/RAC1/RGCC/KANK1/NBL1/MICOS10-NBL1/VCL/NF2/RRAS/RNF41/NR2F2/STARD13/PDCD10/ADARB1/HDAC5/MCTP1/DUSP3/IDH2/GNA12/PPARG/GTPBP4/STC1/CYP19A1/BMERB1/SPINT2/GNRH1/CORO1B/CRK/EPHA4/MECP2/ADIPOR1/DDT/DLL4/CFL1/CORO1C",51
"GO:0008217","regulation of blood pressure","27/1363","107/11712",0.252336448598131,2.16827915332451,4.40566700496983,6.8789149354192e-05,0.00636487238297242,0.00547153501848846,"ABAT/KCNK6/AGTRAP/CORIN/RPS6KA2/PREP/GCH1/ANPEP/ATP1A1/LEP/ACVRL1/DDAH1/ACTA2/NR2F2/EMP2/ADM/GNA12/PPARG/ABCC9/SNX5/KCNJ8/LNPEP/SGK1/MECP2/NPR3/ECE1/AGTR1",27
"GO:0062013","positive regulation of small molecule metabolic process","29/1363","119/11712",0.243697478991597,2.09404612908993,4.35318297056302,7.44870968602678e-05,0.00676901492717684,0.00581895440885852,"NNMT/IRS2/PRKAA1/FOXO1/STAT3/PPTC7/PRKAG2/ARPP19/SORBS1/CPT1A/PRXL2C/MTOR/SCAP/ADM/MAP2K1/PSEN1/MLYCD/IRS1/PID1/PPARG/KLHL25/PHKA1/NR1H2/QKI/PPP1CA/PINK1/HIF1A/ELOVL5/AGTR1",29
"GO:0007009","plasma membrane organization","30/1363","125/11712",0.24,2.06227439471754,4.33313222055241,7.63341738994792e-05,0.00681516861358683,0.00585863022578459,"ATP2A2/ANXA2/STX2/VPS4A/PACSIN2/ATG9A/VMP1/VPS4B/WHAMM/VDAC2/PLSCR4/EMP2/ATP10A/CAV1/CAV2/GSN/TLCD2/MTSS2/MTSS1/PLEC/DEGS1/SNX33/A4GALT/ARL8B/ASAP1/SERINC3/CLPTM1L/SH3GLB1/AHNAK/CD9",30
"GO:0007162","negative regulation of cell adhesion","44/1363","212/11712",0.207547169811321,1.78341339165825,4.17739676727469,8.59975353801607e-05,0.00754554237154548,0.00648649286823862,"DUSP1/PRKAA1/MYADM/THBS1/PLXNB1/BCL6/LAMB1/STAT5A/PIK3R1/CASP3/MAPK7/C1QTNF1/ACVRL1/ACTN4/RGCC/KANK1/PTPN11/UBASH3B/FAM107A/RUNX1/JAK2/NF2/SWAP70/MAP2K1/SPECC1L/RC3H2/DUSP3/PAWR/GTPBP4/MUC1/SIPA1/SPINT2/GNRH1/FZD4/NDFIP1/EPHA4/PRKAR1A/CBFB/SPOCK1/CFL1/ATP5F1B/CD9/CORO1C/CBLB",44
"GO:0060326","cell chemotaxis","39/1363","181/11712",0.215469613259669,1.85148944277127,4.18967942490054,9.22491914307257e-05,0.00795688364730446,0.00684010061705791,"DUSP1/OXSR1/THBS1/RAC3/IL16/HMGB2/PRKD1/NEDD9/IL6R/NR4A1/RAC1/NBL1/MICOS10-NBL1/PIK3CD/TRPM4/HSPB1/SWAP70/LGMN/PDGFRB/LPAR1/PIP5K1A/DAPK2/PLEC/CYP19A1/MOSPD2/ACKR2/IL17RA/CORO1B/CSF1/PARVA/ITGA1/CRK/DNM1L/DDT/PTK2B/PDGFRA/ADAM17/CORO1C/AGTR1",39
"GO:0008286","insulin receptor signaling pathway","27/1363","109/11712",0.247706422018349,2.1284942147314,4.29559338359812,9.68055585716026e-05,0.00814562366619007,0.00700235015806764,"IRS2/PRKAA1/FOXO1/RAF1/PIK3R1/LEP/PIK3CA/SORBS1/IGF1R/KANK1/PTPN11/MTOR/INPP5K/NDEL1/IRS1/PID1/CAV2/EIF4EBP2/STXBP4/RELA/SOS2/SNX5/SLC27A4/ENPP1/ADIPOR1/PDK4/PTPRE",27
"GO:0007044","cell-substrate junction assembly","24/1363","92/11712",0.260869565217391,2.24160260295384,4.33879557906329,9.76386409191578e-05,0.00814562366619007,0.00700235015806764,"LAMC1/ROCK2/PEAK1/THBS1/STON1/FERMT2/ROCK1/TLN1/SORBS1/ACVRL1/ANKRD28/RAC1/WHAMM/FAM107A/VCL/ACTG1/DUSP3/PIP5K1A/LAMA3/PLEC/GPM6B/DAPK3/CFL1/CORO1C",24
"GO:0019722","calcium-mediated signaling","31/1363","133/11712",0.233082706766917,2.00283540840362,4.2210031689388,0.000104868592415909,0.00860768172265417,0.00739955636809025,"PRKAA1/LMCD1/ATP2A2/PRKD1/MAPK7/CHP1/DMPK/INPP5A/TRPM4/MTOR/NEGR1/TPCN2/CALM1/PDGFRB/MCTP1/ITPR2/PKD2/KCNJ8/GRIA1/ACKR2/PLCG2/TMEM100/CAMKK2/PTBP1/RCAN3/PDGFRA/NUDT4/RCAN1/DMD/AGTR1/MYOZ2",31
"GO:0006936","muscle contraction","45/1363","221/11712",0.203619909502262,1.74966719008841,4.08301949368762,0.000115126459243297,0.00929965954109741,0.00799441210718699,"ABAT/APBB2/CACNB2/ANXA6/ADRA1B/ROCK2/ATP2A2/FKRP/TPM4/SRF/PRKD1/ATP1A1/GDNF/ROCK1/CALD1/PIK3CA/DMPK/MYL6/LMOD1/TRPM4/MTOR/ACTA2/TPCN2/CALM1/DOCK5/MAP2K1/GPD1L/MAP2K3/FLNA/TPM3/SRI/SCN7A/CAV1/GSN/TPM2/ABCC9/STC1/KCNJ8/DAPK3/KCNJ12/KCND3/CHUK/DMD/ADGRD1/EMD",45
"GO:0001936","regulation of endothelial cell proliferation","25/1363","99/11712",0.252525252525253,2.16990150959337,4.24219287866004,0.000124482891018761,0.009632006371737,0.00828011262287885,"STAT3/THBS1/HMGB2/PRKD1/STAT5A/NRP2/LEP/ANG/ACVRL1/NR4A1/RGCC/COL4A3/PIK3CD/POLD4/NR2F2/PDCD10/CAV1/CAV2/PPARG/NRAS/DLL4/ADAM17/HIF1A/AGTR1/PDCL3",25
"GO:0043603","amide metabolic process","67/1363","369/11712",0.181571815718157,1.56021210982469,3.96823546782928,0.000125608644799984,0.009632006371737,0.00828011262287885,"NNMT/PRKAA1/ACSL1/FPGS/ROCK2/ELOVL1/SLC25A32/NAMPT/SLC5A6/ORMDL1/AASS/CORIN/GCLM/ACSS1/HACD1/ARL6IP5/PREP/ST6GALNAC6/ANPEP/SLC16A12/ROCK1/CASP3/CCN1/GSR/ACOT2/ACER3/SHMT1/B3GALT2/ACOT1/HACD2/SAMD8/VAPA/CERS5/MCCC2/MTOR/GBA2/FURIN/PSEN1/MLYCD/ACOT9/SGMS2/DLAT/PCSK7/RELA/SLC2A13/DEGS1/NANS/NT5C2/MCCC1/FAR1/MTHFD1/EPHA4/IFNGR1/GCDH/XDH/COASY/GM2A/B3GALT4/GGT5/HSD17B4/CMAS/PDK4/CERS6/ELOVL5/GALC/ECE1/ACSS2",67
"GO:0042060","wound healing","57/1363","301/11712",0.18936877076412,1.62720986294158,4.00064484739755,0.000125897542910129,0.009632006371737,0.00828011262287885,"HPS5/THBS1/ANXA2/SRF/RAF1/IL6R/FERMT2/VPS4A/MYL12A/TLN1/PIK3CA/C1QTNF1/CNN2/TSPAN8/ACVRL1/ACTB/ANGPTL1/WFDC1/VPS4B/KANK1/UBASH3B/MTOR/TNFAIP3/VCL/HSPB1/ACTG1/JAK2/ANGPTL7/DGKH/MAPK14/PDCD10/TSKU/FLNA/C1GALT1C1/CAV1/ITPK1/YAP1/HPS6/GNA12/PPARG/FZD6/PLEC/ADIPOR2/F10/CORO1B/PLCG2/CRK/PDPN/ARL8B/MRTFA/PDGFRA/ADAM17/TOR1A/HIF1A/AHNAK/CD9/LNPK",57
"GO:0006790","sulfur compound metabolic process","43/1363","209/11712",0.205741626794258,1.76789870360554,4.06506264290246,0.000126811638220943,0.009632006371737,0.00828011262287885,"ACSL1/TST/CHST7/ELOVL1/SLC5A6/STAT5B/AASS/SQOR/GCLM/ACSS1/STAT5A/HACD1/ARL6IP5/MPST/GSR/ACOT2/ACOT1/HACD2/MCCC2/MAT2B/MICAL2/CBS/LOC102724560/MICAL1/ADI1/CHST3/MLYCD/ACOT9/SLC19A3/DLAT/SLC19A2/ENPP1/MCCC1/FAR1/MTHFD1/GCDH/COASY/GGT5/HSD17B4/PDK4/CTH/ELOVL5/ACSS2",43
"GO:0008154","actin polymerization or depolymerization","33/1363","147/11712",0.224489795918367,1.92899815832422,4.11335721823067,0.000137978313822305,0.0103260535153193,0.00887674724838235,"WASF3/ARPC5/MYADM/SSH2/DAAM2/CARMIL1/MSRB1/WDR1/CDC42EP3/PIK3CA/ANG/RAC1/KANK1/WASF1/LMOD1/FAM107A/MTOR/DSTN/JAK2/MICAL2/GBA2/SWAP70/MICAL1/SPECC1L/DIAPH2/GSN/ARPC4/VASP/INF2/PTK2B/FCHSD1/CFL1/EPS8",33
"GO:0043408","regulation of MAPK cascade","78/1363","448/11712",0.174107142857143,1.49606959438214,3.88535780702187,0.000151466207838317,0.011171181618684,0.00960325796759796,"PER1/DUSP1/ERRFI1/FOXO1/GADD45B/ADRA1B/CFLAR/ROCK2/NAMPT/MYC/THBS1/NKD1/RAF1/ARL6IP5/SPRED2/ATF3/IL6R/FERMT2/ROCK1/CCN1/PPP5C/LEP/IGF1R/C1QTNF1/DUSP5/RELL1/RAC1/RANBP9/SH3RF3/PRXL2C/MAP3K5/PTPN11/TNIP1/TAOK3/HIPK2/JAK2/NF2/RRAS/ACTA2/CBS/LOC102724560/RNF41/PDCD10/MAP2K1/IRAK3/MAP2K3/AIDA/PDGFRB/LPAR1/HIPK3/LBH/CAV1/MDFIC/DUSP3/CAV2/PPARG/MFHAS1/LMO3/ZNF622/SPRY2/RAP1B/INHBA/BNIP2/SHOC2/ITGA1/PLCG2/CRK/EPHA4/PINK1/MAP3K3/DHX33/DDT/PTK2B/MTURN/RNF13/PDGFRA/GPR37/LTBR",78
"GO:0008585","female gonad development","21/1363","78/11712",0.269230769230769,2.313448840228,4.22368632865211,0.000161613936632252,0.0117493331931647,0.0101002634683254,"ADAMTS1/FOXO3/PTX3/STAT5B/STAT5A/INHBB/CASP3/LEP/ANG/RAC1/TIPARP/DMC1/NR2F2/MMP19/BMPR1B/CYP19A1/INHBA/GNRH1/FZD4/PDGFRA/PLEKHA1",21
"GO:0031529","ruffle organization","14/1363","42/11712",0.333333333333333,2.86426999266324,4.39231775931204,0.000175889779226013,0.0125070936805519,0.010751668994296,"STON1/CARMIL1/RAC1/KANK1/MTOR/INPP5K/NDEL1/CAV1/PIP5K1A/CORO1B/DEF8/EPS8/CORO1C/PLEKHA1",14
"GO:0045637","regulation of myeloid cell differentiation","34/1363","155/11712",0.219354838709677,1.88487444678484,4.02458098734699,0.000176952396345006,0.0125070936805519,0.010751668994296,"ZBTB16/GLUL/FOXO3/STAT3/MYC/STAT5B/HMGB2/FSTL3/STAT5A/NEDD9/PIK3R1/KLF13/ACVR1B/UBASH3B/MTOR/RUNX1/NFKBIA/RB1/RNF41/MAPK14/HSF1/GPR137B/CDC73/ABCB10/INHBA/CSF1/NDFIP1/TMEM64/QKI/PTK2B/MTURN/HIF1A/CORO1C/TOB2",34
"GO:0046545","development of primary female sexual characteristics","21/1363","79/11712",0.265822784810127,2.28416467769347,4.15608218081974,0.000196378406906673,0.0136899960650419,0.0117685459135419,"ADAMTS1/FOXO3/PTX3/STAT5B/STAT5A/INHBB/CASP3/LEP/ANG/RAC1/TIPARP/DMC1/NR2F2/MMP19/BMPR1B/CYP19A1/INHBA/GNRH1/FZD4/PDGFRA/PLEKHA1",21
"GO:0150115","cell-substrate junction organization","25/1363","102/11712",0.245098039215686,2.10608087695827,4.07161386708845,0.000206988659344305,0.0142346660459888,0.0122367691071826,"LAMC1/ROCK2/PEAK1/THBS1/STON1/PIK3R1/FERMT2/ROCK1/TLN1/SORBS1/ACVRL1/ANKRD28/RAC1/WHAMM/FAM107A/VCL/ACTG1/DUSP3/PIP5K1A/LAMA3/PLEC/GPM6B/DAPK3/CFL1/CORO1C",25
"GO:0062197","cellular response to chemical stress","53/1363","280/11712",0.189285714285714,1.6264961744052,3.85063235880977,0.000216944514152652,0.014720408433638,0.0126543354500831,"ERRFI1/PRKAA1/SELENOS/FOXO3/TRPC6/FOXO1/AIFM2/PRR5L/RHOB/ATP2A2/OXSR1/PRKD1/ARL6IP5/GCH1/ATP1A1/STX2/CASP3/VKORC1L1/PPP5C/MAPK7/PIK3CA/ABL2/GSR/MAP3K5/BMAL1/MAP1LC3A/MTOR/TNFAIP3/YBX3/PDCD10/CAT/HSF1/PNPLA8/PYCR2/SCN7A/CAV1/SLC11A2/PAWR/LETM1/PKD2/ABCC9/ETV5/RELA/PLEC/FBLN5/CAMKK2/PINK1/CFL1/PDGFRA/HIF1A/GPR37/PLEKHA1/PML",53
"GO:0050817","coagulation","34/1363","157/11712",0.21656050955414,1.86086330733536,3.94089418017274,0.000229071250558473,0.0152354958472792,0.0130971281176723,"HPS5/THBS1/ANXA2/SRF/IL6R/MYL12A/TLN1/PIK3CA/C1QTNF1/TSPAN8/ACTB/ANGPTL1/UBASH3B/VCL/HSPB1/ACTG1/JAK2/ANGPTL7/DGKH/MAPK14/FLNA/PSEN1/C1GALT1C1/CAV1/ITPK1/HPS6/GNA12/FZD6/F10/PLCG2/PDPN/PDGFRA/CD9/LNPK",34
"GO:0030239","myofibril assembly","14/1363","43/11712",0.325581395348837,2.79765906260131,4.28568711474096,0.000233182354545509,0.0152354958472792,0.0130971281176723,"CFLAR/SRF/PRKD1/WDR1/LMOD1/ACTG1/AKAP13/PDGFRB/OBSL1/MEF2A/PLEC/PRKAR1A/PDGFRA/MYOZ2",14
"GO:0042698","ovulation cycle","15/1363","48/11712",0.3125,2.68525311812179,4.24578235169719,0.000235164910815873,0.0152354958472792,0.0130971281176723,"ADAMTS1/FOXO3/PTX3/STAT5B/STAT5A/CASP3/SLC26A6/LEP/MMP19/BMPR1B/INHBA/GNRH1/FZD4/PDGFRA/PLEKHA1",15
"GO:0048729","tissue morphogenesis","75/1363","433/11712",0.173210161662818,1.48836200542547,3.75790886203062,0.00023774701622015,0.0152354958472792,0.0130971281176723,"TGFBR2/TXNRD1/RHOB/MYC/NR4A3/NKD1/SRF/TGIF1/FZD5/CITED2/STAT5A/GDNF/FERMT2/HS3ST3B1/NRP2/COL4A1/CASP3/WDR1/TGFB1I1/ADAMTS5/CLIC4/ACVRL1/GDF7/ACTB/COL11A1/PIK3CD/BBS7/MTOR/VCL/SEC24B/ACTG1/NF2/MICAL2/ACTA2/STARD13/PDCD10/ADM/FRZB/ADARB1/FLNA/PSEN1/SPECC1L/GCNT4/GRSF1/HEG1/YAP1/PKD2/FZD6/ETV5/ITGA8/MTSS1/SPRY2/STC1/HS2ST1/INHBA/SPINT2/VASP/CSF1/TMEM100/PDPN/MTHFD1/EPHA4/PRKAR1A/PPP1CA/MRTFA/ACTG2/DLL4/CFL1/ADAM17/TOR1A/NUP50/PLOD3/PKD1/HIF1A/PML",75
"GO:0046326","positive regulation of D-glucose import","11/1363","29/11712",0.379310344827586,3.25934171578921,4.42078563745629,0.000239504749023844,0.0152354958472792,0.0130971281176723,"KLF15/IRS2/PIK3R1/ARPP19/SORBS1/PTPN11/MAPK14/CLTCL1/IRS1/MEF2A/OPN3",11
"GO:0003158","endothelium development","25/1363","103/11712",0.242718446601942,2.08563348980333,4.01605973351694,0.000243677529187006,0.0153095672349713,0.0131608032657726,"TJP2/MYADM/ROCK2/RHOB/AMOTL2/ROCK1/CLIC4/ACVRL1/FSTL1/VCL/NR2F2/STARD13/PDCD10/HEG1/BTG1/STC1/RAP1B/FZD4/IKBKB/TMEM100/PDPN/DLL4/PLOD3/TJP1/MAGI1",25
"GO:0045596","negative regulation of cell differentiation","79/1363","462/11712",0.170995670995671,1.46933330792465,3.73526852292917,0.000249189034511882,0.0154649145930606,0.0132943469503387,"ZBTB16/FOXO3/TRPC6/FOXO1/SORT1/GORASP1/TSC22D1/STAT3/MYC/STAT5B/DAAM2/BCL6/FSTL3/STAT5A/SPRED2/PIK3R1/FERMT2/ULK2/TRAK2/TGFB1I1/ACVRL1/AXIN2/TWIST2/ACTB/HDAC7/ZFP36L2/KLF13/ASXL1/ACVR1B/PTPN11/BMAL1/UBASH3B/BICRA/TRPM4/RUNX1/NFKBIA/NF2/NEGR1/RB1/COL5A2/TSKU/FRZB/PSEN1/CRIM1/GPR137B/HDAC5/RFLNB/RC3H2/HOOK3/LSM1/LBH/CAV1/RNF10/YAP1/IDH2/CDC73/PPARG/MED28/SPRY2/SEMA6C/ENPP1/INHBA/NR1H2/SHOC2/SPART/EPHA4/TMEM64/CBFB/PTBP1/ADAMTS7/MECP2/QKI/ADIPOR1/PTK2B/CFL1/SS18/RORA/RCAN1/TOB2",79
"GO:1901342","regulation of vasculature development","44/1363","222/11712",0.198198198198198,1.70307945509706,3.83810282256435,0.000257169236403704,0.0154757049029224,0.0133036227935476,"GLUL/ADAMTS1/TGFBR2/ROCK2/STAT3/RHOB/THBS1/PRKD1/ROCK1/LEP/MAPK7/ACVRL1/CEMIP2/RGCC/COL4A2/COL4A3/PIK3CD/RUNX1/TNFAIP3/HSPB1/HIPK2/ANGPTL7/RRAS/DDAH1/STARD13/EMP2/PDCD10/ADM/CCBE1/MTDH/PPARG/BTG1/SPRY2/RELA/FBLN5/EPN2/MECP2/QKI/PTK2B/HIF1A/TJP1/AGO2/PDCL3/PML",44
"GO:0048608","reproductive structure development","42/1363","209/11712",0.200956937799043,1.72678478026588,3.84741587115186,0.000258438691757447,0.0154757049029224,0.0133036227935476,"ERRFI1/ADAMTS1/FOXO3/ALOX15B/PTX3/STAT5B/HMGB2/CITED2/STAT5A/ING2/INHBB/CASP3/LEP/ANG/GDF7/RAC1/TIPARP/RHOBTB3/PTPN11/DMC1/YBX3/TMF1/NR2F2/FLNA/WDR77/MMP19/DHX37/BMPR1B/CYP19A1/INHBA/GNRH1/FZD4/ASB1/HSD17B4/BCL2L2/PDGFRA/PKD1/MAMLD1/WDR19/DNAJC19/PLEKHA1/AGO4",42
"GO:2001046","positive regulation of integrin-mediated signaling pathway","7/1363","13/11712",0.538461538461538,4.62689768045601,4.74819268193236,0.000258485933729299,0.0154757049029224,0.0133036227935476,"LAMC1/LAMA2/LAMB1/NID1/EMP2/FLNA/LIMS2",7
"GO:0008406","gonad development","34/1363","159/11712",0.213836477987421,1.8374562217085,3.85841568016504,0.000294502567938329,0.0174270182353274,0.0149810608610978,"ADAMTS1/FOXO3/PTX3/STAT5B/HMGB2/CITED2/STAT5A/ING2/INHBB/CASP3/LEP/ANG/RAC1/TIPARP/RHOBTB3/DMC1/YBX3/TMF1/NR2F2/FLNA/MMP19/DHX37/BMPR1B/CYP19A1/INHBA/GNRH1/FZD4/HSD17B4/BCL2L2/PDGFRA/MAMLD1/WDR19/PLEKHA1/AGO4",34
"GO:0045765","regulation of angiogenesis","43/1363","217/11712",0.19815668202765,1.70272271453253,3.79188446012329,0.000302054214510211,0.0175804906242071,0.0151129927364915,"GLUL/ADAMTS1/TGFBR2/ROCK2/STAT3/RHOB/THBS1/PRKD1/ROCK1/LEP/MAPK7/ACVRL1/CEMIP2/RGCC/COL4A2/COL4A3/PIK3CD/RUNX1/TNFAIP3/HSPB1/HIPK2/RRAS/DDAH1/STARD13/EMP2/PDCD10/ADM/CCBE1/MTDH/PPARG/BTG1/SPRY2/RELA/FBLN5/EPN2/MECP2/QKI/PTK2B/HIF1A/TJP1/AGO2/PDCL3/PML",43
"GO:2000810","regulation of bicellular tight junction assembly","8/1363","17/11712",0.470588235294118,4.04367528375987,4.55741303507497,0.000304005339935199,0.0175804906242071,0.0151129927364915,"ROCK2/FZD5/ROCK1/ACVRL1/RAC1/MYO1C/IKBKB/TJP1",8
"GO:0007548","sex differentiation","38/1363","185/11712",0.205405405405405,1.76500961710059,3.80618889090525,0.000316380032038933,0.0180905391353498,0.0155514537333389,"ADAMTS1/FOXO3/PTX3/STAT5B/HMGB2/CITED2/STAT5A/ING2/INHBB/CASP3/LEP/ANG/RAC1/TIPARP/RHOBTB3/PTPN11/DMC1/YBX3/TMF1/NR2F2/FLNA/MMP19/DHX37/BMPR1B/CYP19A1/INHBA/GNRH1/FZD4/ASB1/HSD17B4/BCL2L2/PDGFRA/PKD1/MAMLD1/WDR19/DNAJC19/PLEKHA1/AGO4",38
"GO:0001886","endothelial cell morphogenesis","6/1363","10/11712",0.6,5.15568598679384,4.77098885310725,0.00034042866737486,0.0189586466820303,0.0162977186316241,"AMOTL2/CLIC4/HEG1/STC1/PLOD3/MAGI1",6
"GO:0030728","ovulation","6/1363","10/11712",0.6,5.15568598679384,4.77098885310725,0.00034042866737486,0.0189586466820303,0.0162977186316241,"ADAMTS1/FOXO3/INHBB/LEP/MMP19/INHBA",6
"GO:0048041","focal adhesion assembly","21/1363","82/11712",0.25609756097561,2.20059767729005,3.95922599803321,0.000343182582638862,0.0189586466820303,0.0162977186316241,"ROCK2/PEAK1/THBS1/STON1/FERMT2/ROCK1/TLN1/SORBS1/ACVRL1/ANKRD28/RAC1/WHAMM/FAM107A/VCL/ACTG1/DUSP3/PIP5K1A/GPM6B/DAPK3/CFL1/CORO1C",21
"GO:0046474","glycerophospholipid biosynthetic process","36/1363","173/11712",0.208092485549133,1.78809918617127,3.78979369439895,0.000346463773124154,0.0189586466820303,0.0162977186316241,"CDIPT/PRKAA1/IMPA2/ZRANB1/PCYT2/TMEM150A/GPAT3/PIK3R1/CDS2/ABHD5/AGPAT2/PIK3CA/MTMR14/CRLS1/PIK3CD/DGKH/PIGA/INPP5K/LPCAT3/PIP5K1A/ABHD3/BPNT2/LCLAT1/SACM1L/FAR1/PLCG2/UBE3C/MTMR7/LPIN1/IP6K1/SLC44A2/PISD/MPPE1/ITPKC/SH3GLB1/PIK3C3",36
"GO:0045137","development of primary sexual characteristics","34/1363","161/11712",0.211180124223602,1.81463067858168,3.77710999574025,0.000376096209529174,0.0203612086201486,0.0175034249362066,"ADAMTS1/FOXO3/PTX3/STAT5B/HMGB2/CITED2/STAT5A/ING2/INHBB/CASP3/LEP/ANG/RAC1/TIPARP/RHOBTB3/DMC1/YBX3/TMF1/NR2F2/FLNA/MMP19/DHX37/BMPR1B/CYP19A1/INHBA/GNRH1/FZD4/HSD17B4/BCL2L2/PDGFRA/MAMLD1/WDR19/PLEKHA1/AGO4",34
"GO:0061458","reproductive system development","42/1363","213/11712",0.197183098591549,1.6943568970684,3.71140410177045,0.000393423881922893,0.0208267247423702,0.0179036038575029,"ERRFI1/ADAMTS1/FOXO3/ALOX15B/PTX3/STAT5B/HMGB2/CITED2/STAT5A/ING2/INHBB/CASP3/LEP/ANG/GDF7/RAC1/TIPARP/RHOBTB3/PTPN11/DMC1/YBX3/TMF1/NR2F2/FLNA/WDR77/MMP19/DHX37/BMPR1B/CYP19A1/INHBA/GNRH1/FZD4/ASB1/HSD17B4/BCL2L2/PDGFRA/PKD1/MAMLD1/WDR19/DNAJC19/PLEKHA1/AGO4",42
"GO:0045017","glycerolipid biosynthetic process","40/1363","200/11712",0.2,1.71856199559795,3.71962858142487,0.000396812104940486,0.0208267247423702,0.0179036038575029,"PNPLA2/CDIPT/PRKAA1/IMPA2/ACSL1/ZRANB1/PCYT2/TMEM150A/GPAT3/PIK3R1/CDS2/ABHD5/AGPAT2/PIK3CA/MTMR14/CRLS1/PIK3CD/DGKH/PIGA/INPP5K/LPCAT3/PIP5K1A/ABHD3/BPNT2/DAGLB/LCLAT1/SACM1L/NR1H2/FAR1/PLCG2/UBE3C/MTMR7/LPIN1/IP6K1/SLC44A2/PISD/MPPE1/ITPKC/SH3GLB1/PIK3C3",40
"GO:0045010","actin nucleation","14/1363","45/11712",0.311111111111111,2.67331865981903,4.08132366082171,0.000396972352133997,0.0208267247423702,0.0179036038575029,"WASF3/ARPC5/CARMIL1/GMFB/ACTR3/WHAMM/ARF1/WASF1/LMOD1/GSN/ARPC4/WASHC4/CORO1B/ACTR2",14
"GO:0003018","vascular process in circulatory system","37/1363","181/11712",0.204419889502762,1.75654126621889,3.72249521597059,0.000415788307985948,0.0215912928504132,0.01856086152513,"PRKAA1/TJP2/ADRA1B/ROCK2/SLC38A2/SLC5A6/GCLM/SLC16A12/FERMT2/ROCK1/LEP/VSTM4/PTPN11/TRPM4/SLC1A5/DDAH1/ACTA2/CBS/LOC102724560/DOCK5/ADM/MAP2K1/SLC38A1/CAV1/ABCC9/PLEC/SLC2A13/KCNJ8/SLC27A4/SLC2A10/ITGA1/SLC7A8/PLOD3/ABCC3/TJP1/ECE1/AGTR1",37
"GO:0007229","integrin-mediated signaling pathway","22/1363","89/11712",0.247191011235955,2.12406538781769,3.86298644819402,0.000428562520818756,0.0220298451358247,0.0189378611007204,"ADAMTS1/LAMC1/LAMA2/ZYX/LAMB1/PRKD1/NID1/NEDD9/FERMT2/TLN1/CCN1/ITGA10/PTPN11/EMP2/FLNA/LIMS2/ERBIN/ITGA8/SLC2A10/ITGA1/PTK2B/ITGBL1",22
"GO:0007596","blood coagulation","33/1363","156/11712",0.211538461538462,1.81770980303629,3.73124238217894,0.000440992907986962,0.0224421290874565,0.019292279216777,"HPS5/THBS1/ANXA2/SRF/IL6R/MYL12A/TLN1/PIK3CA/C1QTNF1/TSPAN8/ACTB/ANGPTL1/UBASH3B/VCL/HSPB1/ACTG1/JAK2/ANGPTL7/DGKH/MAPK14/FLNA/C1GALT1C1/CAV1/ITPK1/HPS6/GNA12/FZD6/F10/PLCG2/PDPN/PDGFRA/CD9/LNPK",33
"GO:0170040","proteinogenic amino acid catabolic process","16/1363","56/11712",0.285714285714286,2.45508856513992,3.96099593644577,0.000460994291684278,0.0229813042581117,0.0197557788205132,"GLUL/GLS/PRODH/AASS/ALDH6A1/ALDH4A1/ADHFE1/GCAT/SHMT1/BCAT2/MCCC2/DDAH1/CBS/LOC102724560/MCCC1/GLUD1",16
"GO:0009065","glutamine family amino acid catabolic process","7/1363","14/11712",0.5,4.29640498899486,4.47862290642449,0.000465135456589803,0.0229813042581117,0.0197557788205132,"GLUL/GLS/PRODH/ALDH4A1/ADHFE1/DDAH1/GLUD1",7
"GO:0044320","cellular response to leptin stimulus","7/1363","14/11712",0.5,4.29640498899486,4.47862290642449,0.000465135456589803,0.0229813042581117,0.0197557788205132,"STAT3/NR4A3/INHBB/LEP/CCNA2/PID1/ADIPOR1",7
"GO:1904385","cellular response to angiotensin","11/1363","31/11712",0.354838709677419,3.04906160509313,4.14563989997649,0.000470365989607991,0.023016274241491,0.019785840615494,"AGTRAP/ROCK2/PRKD1/ROCK1/SLC26A6/RAC1/HSF1/CAV1/RELA/INHBA/AGTR1",11
"GO:0110053","regulation of actin filament organization","42/1363","215/11712",0.195348837209302,1.67859543756078,3.64446366420972,0.000482111194676044,0.0233663225686323,0.0200867581461017,"WASF3/ARPC5/MYADM/ROCK2/SYNPO2/SSH2/DAAM2/CARMIL1/PIK3R1/FERMT2/GMFB/ROCK1/WDR1/CDC42EP3/PIK3CA/RAC1/RGCC/KANK1/WHAMM/ARF1/WASF1/LMOD1/MTOR/DSTN/ACTG1/NF2/GBA2/SWAP70/FLNA/INPP5K/SPECC1L/LPAR1/GSN/MTSS1/VASP/WASHC4/CORO1B/PTK2B/FCHSD1/CFL1/EPS8/TJP1",42
"GO:0045446","endothelial cell differentiation","21/1363","84/11712",0.25,2.14820249449743,3.83266925127327,0.000487727852561323,0.0233828196450521,0.0201009397865027,"TJP2/MYADM/ROCK2/AMOTL2/ROCK1/CLIC4/ACVRL1/FSTL1/VCL/NR2F2/HEG1/BTG1/STC1/RAP1B/FZD4/IKBKB/TMEM100/PDPN/PLOD3/TJP1/MAGI1",21
"GO:0061298","retina vasculature development in camera-type eye","8/1363","18/11712",0.444444444444444,3.81902665688432,4.34359790851925,0.000491641128320019,0.0233828196450521,0.0201009397865027,"COL4A1/VSTM4/CLIC4/ACVRL1/PDGFRB/FZD4/PDGFRA/HIF1A",8
"GO:0010828","positive regulation of D-glucose transmembrane transport","12/1363","36/11712",0.333333333333333,2.86426999266324,4.06545109734667,0.000506663580200032,0.0238741755522034,0.020523331767167,"KLF15/IRS2/NR4A3/PIK3R1/ARPP19/SORBS1/PTPN11/MAPK14/CLTCL1/IRS1/MEF2A/OPN3",12
"GO:0042445","hormone metabolic process","31/1363","145/11712",0.213793103448276,1.83708351253573,3.68076547167076,0.000536016590185479,0.0247980766132173,0.0213175593187641,"PNPLA2/STAT5B/CORIN/HSD17B11/ADH1B/PREP/ANPEP/ATP1A1/LEP/ADH1C/TIPARP/DIO2/PTPN11/PLB1/ADM/FURIN/GCNT4/SELENOM/AKR1C1/PCSK7/CYP19A1/ADH6/INHBA/DHRS3/LIPE/HSD17B4/PDGFRA/SRD5A3/HIF1A/ECE1/PLEKHA1",31
"GO:0071453","cellular response to oxygen levels","31/1363","145/11712",0.213793103448276,1.83708351253573,3.68076547167076,0.000536016590185479,0.0247980766132173,0.0213175593187641,"PRKAA1/HIGD1A/FOXO3/TRPC6/FOXO1/CFLAR/ROCK2/STAT3/MYC/CITED2/RGCC/MAP1LC3A/MTOR/ATP6V0A2/HIPK2/DDAH1/CBS/LOC102724560/MAP2K1/LPAR1/CAV1/CCNA2/PPARG/STC1/INHBA/TMBIM6/EPHA4/PINK1/UBQLN1/RORA/HIF1A",31
"GO:0010594","regulation of endothelial cell migration","30/1363","139/11712",0.215827338129496,1.8545633046021,3.67810724879969,0.000553806774006281,0.0249409086098935,0.0214403442270154,"GLUL/RHOB/THBS1/PRKD1/STAT5A/NRP2/ACVRL1/RAC1/HDAC7/RGCC/PIK3CD/HSPB1/RRAS/NR2F2/STARD13/EMP2/PDCD10/LGMN/MAP2K3/HDAC5/CCBE1/PPARG/STC1/MECP2/PTK2B/DLL4/AAMP/ADAM17/HIF1A/ATP5F1B",30
"GO:0061572","actin filament bundle organization","30/1363","139/11712",0.215827338129496,1.8545633046021,3.67810724879969,0.000553806774006281,0.0249409086098935,0.0214403442270154,"ROCK2/ZYX/SYNPO2/SRF/CARMIL1/NEDD9/PIK3R1/FERMT2/ROCK1/CALD1/SORBS1/RAC1/RGCC/FAM107A/MTOR/ACTG1/NF2/SWAP70/FLNA/INPP5K/MICAL1/LPAR1/RFLNB/PAWR/PDLIM1/MTSS1/CORO1B/CFL1/EPS8/TJP1",30
"GO:1902905","positive regulation of supramolecular fiber organization","30/1363","139/11712",0.215827338129496,1.8545633046021,3.67810724879969,0.000553806774006281,0.0249409086098935,0.0214403442270154,"WASF3/ROCK2/SYNPO2/PRKD1/CARMIL1/NAV3/FERMT2/WDR1/CDC42EP3/RAC1/RGCC/WHAMM/WASF1/LMOD1/MTOR/DSTN/NF2/SWAP70/FLNA/PSEN1/LPAR1/GIT1/GSN/MTSS1/VASP/MECP2/MAPRE1/PTK2B/FCHSD1/CFL1",30
"GO:0046486","glycerolipid metabolic process","53/1363","291/11712",0.18213058419244,1.5650135011459,3.54200344441,0.000572553495923265,0.0251258835867412,0.0215993571659196,"PNPLA2/CDIPT/PRKAA1/IMPA2/ACSL1/ZRANB1/PCYT2/TMEM150A/GPAT3/CIDEC/PIK3R1/CDS2/ABHD5/AGPAT2/PIK3CA/CPT1A/INPP5A/MTMR14/PTPN11/CRLS1/PIK3CD/PLB1/DGKH/PIGA/CAT/PRDX6/INPP5K/PNPLA8/CAV1/LPCAT3/PIP5K1A/ABHD3/BPNT2/DAGLB/IPMK/LCLAT1/SACM1L/NR1H2/FAR1/PLCG2/UBE3C/MTMR7/LPIN1/MECP2/LIPE/IP6K1/SLC44A2/PISD/MPPE1/ITPKC/SH3GLB1/DNAJC19/PIK3C3",53
"GO:0170035","L-amino acid catabolic process","16/1363","57/11712",0.280701754385965,2.41201683592694,3.87808111642409,0.000572725976824912,0.0251258835867412,0.0215993571659196,"GLUL/GLS/PRODH/AASS/ALDH6A1/ALDH4A1/ADHFE1/GCAT/SHMT1/BCAT2/MCCC2/DDAH1/CBS/LOC102724560/MCCC1/GLUD1",16
"GO:1903053","regulation of extracellular matrix organization","16/1363","57/11712",0.280701754385965,2.41201683592694,3.87808111642409,0.000572725976824912,0.0251258835867412,0.0215993571659196,"LAMC1/CFLAR/STAT3/LAMA2/LAMB1/NID1/AXIN2/RGCC/RUNX1/ANGPTL7/RB1/TNFRSF1B/PPARG/CST3/SLC2A10/PDPN",16
"GO:0034446","substrate adhesion-dependent cell spreading","22/1363","91/11712",0.241758241758242,2.07738263204147,3.74424829515028,0.000595441214942406,0.0257122788395915,0.0221034493091068,"LAMC1/MYADM/PEAK1/RAC3/LAMB1/CARMIL1/NEDD9/PIK3R1/FERMT2/RAC1/ACTN4/KANK1/POPDC1/DOCK5/FLNA/LIMS2/ITGA8/FZD4/PARVA/CRK/PDPN/CORO1C",22
"GO:0007266","Rho protein signal transduction","27/1363","121/11712",0.223140495867769,1.91740387938614,3.68119250785762,0.000596197465724465,0.0257122788395915,0.0221034493091068,"ROCK2/RHOB/PLXNB1/BCL6/RAF1/RALBP1/ARHGEF28/FERMT2/ROCK1/CDC42EP3/ABL2/ARHGDIA/RAC1/KANK1/ARHGAP29/STARD13/AKAP13/LPAR1/HEG1/KCTD10/GNA12/ARHGEF12/CDC42SE2/PDPN/CFL1/EPS8/AGTR1",27
"GO:0046394","carboxylic acid biosynthetic process","43/1363","224/11712",0.191964285714286,1.64951262970339,3.56192787258674,0.000608587081483785,0.0260260475434536,0.0223731792184574,"ABAT/GLUL/ERRFI1/PRKAA1/ACSL1/ALOX15B/GLS/ELOVL1/UGP2/ACSS1/PRKAG2/HACD1/FADS3/SHMT1/BCAT2/HACD2/SCAP/CBS/LOC102724560/SLC38A1/ADI1/PNPLA8/MLYCD/PYCR2/ABHD3/KLHL25/DAGLB/DEGS1/NANS/NR1H2/GLUD1/MTHFD1/UGDH/QKI/SERINC3/GGT5/HSD17B4/PDK4/CTH/PLOD3/ALOX5AP/ELOVL5/ACSS2",43
"GO:0014823","response to activity","17/1363","63/11712",0.26984126984127,2.31869475596548,3.80860520118888,0.000643487446261602,0.0270559076764281,0.0232584940280347,"PRKAA1/SLC38A2/FKRP/ANXA2/GCLM/LEP/PIK3CA/COL4A2/UQCRC1/OXCT1/SLC25A25/CAT/HSF1/HDAC5/ABCC9/CFL1/HIF1A",17
"GO:1900076","regulation of cellular response to insulin stimulus","17/1363","63/11712",0.26984126984127,2.31869475596548,3.80860520118888,0.000643487446261602,0.0270559076764281,0.0232584940280347,"PRKAA1/LEP/SORBS1/KANK1/PTPN11/MTOR/MYO1C/INPP5K/IRS1/PID1/PPARG/RELA/SNX5/SLC27A4/ENPP1/ADIPOR1/PTPRE",17
"GO:0008654","phospholipid biosynthetic process","42/1363","218/11712",0.192660550458716,1.65549550034664,3.54534162914512,0.00064861873384245,0.0270559076764281,0.0232584940280347,"CDIPT/PRKAA1/IMPA2/ZRANB1/PCYT2/ORMDL1/TMEM150A/GPAT3/PIK3R1/CDS2/ABHD5/AGPAT2/PIK3CA/CHP1/MTMR14/SAMD8/VAPA/CRLS1/PIK3CD/DGKH/PIGA/INPP5K/LPCAT3/PIP5K1A/SGMS2/ABHD3/BPNT2/LCLAT1/SACM1L/FAR1/PLCG2/UBE3C/MTMR7/LPIN1/IP6K1/SLC44A2/PISD/SRD5A3/MPPE1/ITPKC/SH3GLB1/PIK3C3",42
"GO:0006534","cysteine metabolic process","6/1363","11/11712",0.545454545454545,4.68698726072167,4.43968558560133,0.000675209327965571,0.0278637829204855,0.0239529804878505,"GCLM/MPST/CBS/LOC102724560/MTHFD1/CTH",6
"GO:2001044","regulation of integrin-mediated signaling pathway","9/1363","23/11712",0.391304347826087,3.36240390443076,4.1155237792246,0.000678936742413087,0.0278637829204855,0.0239529804878505,"LAMC1/LAMA2/LAMB1/PRKD1/NID1/EMP2/FLNA/LIMS2/SLC2A10",9
"GO:0043542","endothelial cell migration","37/1363","186/11712",0.198924731182796,1.70932241497645,3.53880452095739,0.000715679302192537,0.0291367357508626,0.025047268883471,"GLUL/RHOB/THBS1/SRF/PRKD1/STAT5A/NRP2/PACSIN2/PIK3CA/VSTM4/ACVRL1/NR4A1/RAC1/HDAC7/RGCC/PIK3CD/FSTL1/HSPB1/RRAS/NR2F2/STARD13/EMP2/PDCD10/LGMN/MAP2K3/HDAC5/CCBE1/PPARG/STC1/CORO1B/MECP2/PTK2B/DLL4/AAMP/ADAM17/HIF1A/ATP5F1B",37
"GO:0045639","positive regulation of myeloid cell differentiation","19/1363","75/11712",0.253333333333333,2.17684519442406,3.71043798840165,0.00074676044752099,0.030041728916452,0.0258252423445356,"GLUL/FOXO3/STAT3/STAT5B/HMGB2/STAT5A/NEDD9/ACVR1B/RUNX1/RB1/MAPK14/HSF1/ABCB10/INHBA/CSF1/TMEM64/MTURN/HIF1A/CORO1C",19
"GO:0097191","extrinsic apoptotic signaling pathway","38/1363","193/11712",0.196891191709845,1.69184859670264,3.5170460495704,0.000749714987696876,0.030041728916452,0.0258252423445356,"FOXO3/SORT1/CFLAR/THBS1/HMGB2/GCLM/RAF1/ATF3/GDNF/IL6R/PIK3R1/MCL1/MAPK7/SRPX/ACVR1B/STRADB/BAG3/TNFAIP3/JAK2/TMBIM1/ZDHHC3/RNF41/TNFRSF1B/CAV1/YAP1/BMPR1B/BEX3/RELA/INHBA/SGK3/ITPRIP/PSME3/PPP1CA/MOAP1/BCL2L2/NFKBIZ/LTBR/PML",38
"GO:0051893","regulation of focal adhesion assembly","17/1363","64/11712",0.265625,2.28246515040352,3.73340928646862,0.000782855939382943,0.0303199795552648,0.026064439302868,"ROCK2/PEAK1/THBS1/FERMT2/ROCK1/TLN1/ACVRL1/ANKRD28/RAC1/FAM107A/VCL/ACTG1/DUSP3/GPM6B/DAPK3/CFL1/CORO1C",17
"GO:0090109","regulation of cell-substrate junction assembly","17/1363","64/11712",0.265625,2.28246515040352,3.73340928646862,0.000782855939382943,0.0303199795552648,0.026064439302868,"ROCK2/PEAK1/THBS1/FERMT2/ROCK1/TLN1/ACVRL1/ANKRD28/RAC1/FAM107A/VCL/ACTG1/DUSP3/GPM6B/DAPK3/CFL1/CORO1C",17
"GO:0007599","hemostasis","33/1363","161/11712",0.204968944099379,1.76125918803516,3.52964817564062,0.000791914184138601,0.0303199795552648,0.026064439302868,"HPS5/THBS1/ANXA2/SRF/IL6R/MYL12A/TLN1/PIK3CA/C1QTNF1/TSPAN8/ACTB/ANGPTL1/UBASH3B/VCL/HSPB1/ACTG1/JAK2/ANGPTL7/DGKH/MAPK14/FLNA/C1GALT1C1/CAV1/ITPK1/HPS6/GNA12/FZD6/F10/PLCG2/PDPN/PDGFRA/CD9/LNPK",33
"GO:1901185","negative regulation of ERBB signaling pathway","10/1363","28/11712",0.357142857142857,3.0688607064249,3.97750026860206,0.000800913135271085,0.0303199795552648,0.026064439302868,"ERRFI1/TSG101/PTPN12/LGMN/PSEN1/DUSP3/SNX5/ITGA1/PTPN18/CBLB",10
"GO:0030148","sphingolipid biosynthetic process","21/1363","87/11712",0.241379310344828,2.07412654641131,3.64933994216757,0.00080295124875289,0.0303199795552648,0.026064439302868,"PRKAA1/ELOVL1/ORMDL1/PRKD1/HACD1/ST6GALNAC6/CCN1/ACER3/B3GALT2/HACD2/SAMD8/VAPA/CERS5/SGMS2/KDSR/DEGS1/A4GALT/B3GALT4/CERS6/FUT4/ELOVL5",21
"GO:0046660","female sex differentiation","21/1363","87/11712",0.241379310344828,2.07412654641131,3.64933994216757,0.00080295124875289,0.0303199795552648,0.026064439302868,"ADAMTS1/FOXO3/PTX3/STAT5B/STAT5A/INHBB/CASP3/LEP/ANG/RAC1/TIPARP/DMC1/NR2F2/MMP19/BMPR1B/CYP19A1/INHBA/GNRH1/FZD4/PDGFRA/PLEKHA1",21
"GO:0046887","positive regulation of hormone secretion","21/1363","87/11712",0.241379310344828,2.07412654641131,3.64933994216757,0.00080295124875289,0.0303199795552648,0.026064439302868,"ABAT/IRS2/PRKD1/NADK/INHBB/LEP/C1QTNF1/TM7SF3/RAC1/PTPN11/TRPM4/OXCT1/TMF1/JAK2/PPARG/CYP19A1/INHBA/GLUD1/PRKAR1A/ITSN1/HIF1A",21
"GO:0016053","organic acid biosynthetic process","43/1363","227/11712",0.18942731277533,1.62771290331964,3.46580568609222,0.000808826793234645,0.0303199795552648,0.026064439302868,"ABAT/GLUL/ERRFI1/PRKAA1/ACSL1/ALOX15B/GLS/ELOVL1/UGP2/ACSS1/PRKAG2/HACD1/FADS3/SHMT1/BCAT2/HACD2/SCAP/CBS/LOC102724560/SLC38A1/ADI1/PNPLA8/MLYCD/PYCR2/ABHD3/KLHL25/DAGLB/DEGS1/NANS/NR1H2/GLUD1/MTHFD1/UGDH/QKI/SERINC3/GGT5/HSD17B4/PDK4/CTH/PLOD3/ALOX5AP/ELOVL5/ACSS2",43
"GO:0008360","regulation of cell shape","25/1363","111/11712",0.225225225225225,1.9353175626103,3.59309409191331,0.000810280451860092,0.0303199795552648,0.026064439302868,"FGD4/WASF3/RAC3/PLXNB1/FERMT2/WDR1/CDC42EP3/RAC1/NF2/POPDC1/ATP10A/LPAR1/FBLIM1/GNA12/MYL12B/CDC42SE2/RHOBTB2/DAPK3/PARVA/CRK/PDPN/FMNL2/PTK2B/CFL1/EPS8",25
"GO:0044272","sulfur compound biosynthetic process","23/1363","99/11712",0.232323232323232,1.9963093888259,3.6127285583967,0.000820904549805968,0.0304933084230845,0.026213440714511,"ACSL1/ELOVL1/GCLM/ACSS1/HACD1/MPST/HACD2/MAT2B/CBS/LOC102724560/ADI1/MLYCD/SLC19A3/DLAT/SLC19A2/MTHFD1/GCDH/COASY/GGT5/PDK4/CTH/ELOVL5/ACSS2",23
"GO:0009100","glycoprotein metabolic process","52/1363","289/11712",0.179930795847751,1.54611113790819,3.411423147559,0.000857388517549147,0.0316177548246928,0.0271800662008715,"GORASP1/CHST7/EOGT/MGAT1/PTX3/FKRP/SLC35D1/ST6GALNAC6/UBE2J1/HS3ST3B1/TMEM165/GLCE/TRAK2/GALNT15/LEP/GFPT2/CHP1/B3GALT2/COL11A1/SOAT1/TNIP1/MAN1A1/ALG2/C1GALT1C1/CHST3/GCNT4/SYVN1/CHSY3/PAWR/ITM2B/BMPR1B/GALNT10/BPNT2/POFUT4/EDEM3/HS6ST1/CST3/HS2ST1/B3GAT3/SLC2A10/UGDH/ADAMTS7/B3GALT4/STT3B/SLC35D2/SRD5A3/FUT4/GALNT7/PLOD3/HIF1A/ERP44/AGO2",52
"GO:0042692","muscle cell differentiation","54/1363","303/11712",0.178217821782178,1.5313918772655,3.40101197207222,0.000867817610291693,0.0317721138041325,0.0273127602300059,"PDLIM5/LAMC1/SORT1/CFLAR/LAMA2/MYC/ATP2A2/FKRP/SRF/LAMB1/KLF5/PRKD1/NID1/ALPK3/CASP3/WDR1/NLN/ADAMTS5/SGCB/ACTN4/DMPK/LMOD1/MTOR/ACTG1/POPDC1/RB1/AKAP13/MAPK14/DOCK5/ADM/PDGFRB/HDAC5/OBSL1/MEF2A/CAV2/ITGA8/MED28/PLEC/KCNJ8/BNIP2/PRKAR1A/PTBP1/CHUK/MECP2/QKI/MRTFA/CTH/PDGFRA/RORA/RCAN1/CD9/DMD/MYOZ2/TMEM204",54
"GO:0034314","Arp2/3 complex-mediated actin nucleation","12/1363","38/11712",0.315789473684211,2.71351894041781,3.83942853276064,0.000878737224542043,0.0319420981121033,0.0274588865052386,"WASF3/ARPC5/CARMIL1/GMFB/ACTR3/WHAMM/ARF1/WASF1/ARPC4/WASHC4/CORO1B/ACTR2",12
"GO:0051017","actin filament bundle assembly","29/1363","137/11712",0.211678832116788,1.81891598074235,3.49892678446684,0.000942784103913657,0.0340271510979901,0.0292512932875338,"ROCK2/ZYX/SYNPO2/SRF/CARMIL1/NEDD9/PIK3R1/FERMT2/ROCK1/CALD1/SORBS1/RAC1/RGCC/FAM107A/MTOR/ACTG1/NF2/SWAP70/FLNA/INPP5K/MICAL1/LPAR1/PAWR/PDLIM1/MTSS1/CORO1B/CFL1/EPS8/TJP1",29
"GO:0000038","very long-chain fatty acid metabolic process","9/1363","24/11712",0.375,3.22230374174615,3.95489230525423,0.000975150690368163,0.0349474779104478,0.0300424482518168,"ACSL1/ELOVL1/HACD1/ACOT2/ACOT1/HACD2/SLC27A4/HSD17B4/ELOVL5",9
"GO:0019915","lipid storage","18/1363","71/11712",0.253521126760563,2.17845886765937,3.61446632919324,0.00100916701735938,0.0359136430163767,0.03087300790685,"PNPLA2/STAT5B/STAT5A/CIDEC/CDS2/ABHD5/LEP/NPC1/SOAT1/NFKBIA/NEGR1/AUP1/CAV1/PPARG/MOSPD2/NR1H2/GM2A/PISD",18
"GO:0009611","response to wounding","67/1363","397/11712",0.168765743073048,1.45017196102094,3.31163253481376,0.00102700136593237,0.0360062720404559,0.0309526360468161,"HPS5/STAT3/THBS1/ANXA2/SRF/RAF1/IL6R/FERMT2/VPS4A/MYL12A/INHBB/CASP3/TLN1/PIK3CA/C1QTNF1/CNN2/TSPAN8/ACVRL1/RAC1/ACTB/ANGPTL1/WFDC1/VPS4B/KANK1/ZFP36L2/UBASH3B/MTOR/TNFAIP3/VCL/HSPB1/ACTG1/JAK2/ANGPTL7/DGKH/MAPK14/PDCD10/MAP2K1/TSKU/SCARF1/FLNA/C1GALT1C1/GIT1/CAV1/ITPK1/YAP1/HPS6/GNA12/PPARG/FZD6/PLEC/ADIPOR2/F10/CORO1B/PLCG2/CRK/PDPN/EPHA4/ARL8B/MRTFA/PDGFRA/NFKBIZ/ADAM17/TOR1A/HIF1A/AHNAK/CD9/LNPK",67
"GO:0001885","endothelial cell development","14/1363","49/11712",0.285714285714286,2.45508856513992,3.70406035807577,0.00102819805861567,0.0360062720404559,0.0309526360468161,"TJP2/MYADM/ROCK2/AMOTL2/ROCK1/CLIC4/VCL/HEG1/STC1/RAP1B/IKBKB/PLOD3/TJP1/MAGI1",14
"GO:0001935","endothelial cell proliferation","26/1363","119/11712",0.218487394957983,1.87742066745994,3.49123552110541,0.0010400711318426,0.0360062720404559,0.0309526360468161,"STAT3/THBS1/HMGB2/PRKD1/STAT5A/NRP2/LEP/ANG/VSTM4/ACVRL1/NR4A1/RGCC/COL4A3/PIK3CD/POLD4/NR2F2/PDCD10/CAV1/CAV2/PPARG/NRAS/DLL4/ADAM17/HIF1A/AGTR1/PDCL3",26
"GO:0170039","proteinogenic amino acid metabolic process","26/1363","119/11712",0.218487394957983,1.87742066745994,3.49123552110541,0.0010400711318426,0.0360062720404559,0.0309526360468161,"GLUL/FPGS/GLS/PRODH/AASS/GCLM/ALDH6A1/ALDH4A1/ADHFE1/GCAT/NIT2/SHMT1/BCAT2/MCCC2/DDAH1/CBS/LOC102724560/ADI1/PYCR2/MCCC1/GLUD1/MTHFD1/GCDH/MECP2/SERINC3/PLOD3",26
"GO:0034764","positive regulation of transmembrane transport","25/1363","113/11712",0.221238938053097,1.90106415442251,3.49285362189422,0.00106541743689307,0.0366345225428974,0.0314927088743072,"KLF15/CACNB2/IRS2/ACSL1/TRPC6/NR4A3/PIK3R1/AKAP7/SLC26A6/ARPP19/SORBS1/VMP1/CHP1/ACTN4/PTPN11/MAPK14/FLNA/PSEN1/SRI/CLTCL1/CAV1/IRS1/MEF2A/FHL1/OPN3",25
"GO:0045785","positive regulation of cell adhesion","60/1363","348/11712",0.172413793103448,1.48151896172237,3.309277055971,0.0010848478118986,0.0368254135630114,0.0316568075142206,"ZBTB16/PRKAA1/FOXO3/LAMC1/TGFBR2/MYADM/LAMA2/SMARCD2/STAT5B/RAC3/NR4A3/MAP3K8/BCL6/LAMB1/FSTL3/CARMIL1/NID1/CITED2/STAT5A/HACD1/CYTH3/NEDD9/IL6R/FERMT2/ROCK1/CCN1/LEP/ABL2/ANKRD28/RAC1/ACTB/PTPN11/PIK3CD/MTOR/RUNX1/JAK2/RRAS/BRD4/FLOT2/EMP2/DOCK5/FLNA/LIMS2/CAV1/KLHL25/RELA/CSF1/ZBTB1/CRK/PDPN/EPHA4/CBFB/RSU1/DENND6A/PTK2B/CFL1/NFKBIZ/FUT4/TJP1/MAGI1",60
"GO:0001952","regulation of cell-matrix adhesion","24/1363","107/11712",0.224299065420561,1.92735924739957,3.49714023946729,0.00108544154734755,0.0368254135630114,0.0316568075142206,"ROCK2/PEAK1/THBS1/BCL6/PIK3R1/FERMT2/ROCK1/TLN1/ACVRL1/ANKRD28/RAC1/FAM107A/VCL/ACTG1/NF2/RRAS/EMP2/DUSP3/GPM6B/DAPK3/CSF1/PTK2B/CFL1/CORO1C",24
"GO:0045648","positive regulation of erythrocyte differentiation","10/1363","29/11712",0.344827586206897,2.96303792344473,3.84101696396782,0.00109639123329595,0.036950562822802,0.031764391534179,"GLUL/FOXO3/STAT3/STAT5B/HMGB2/ACVR1B/MAPK14/ABCB10/INHBA/HIF1A",10
"GO:0050878","regulation of body fluid levels","45/1363","244/11712",0.184426229508197,1.58473954512106,3.34972582523399,0.00110615664649314,0.0370344156184447,0.0318364752273234,"HPS5/THBS1/STAT5B/ANXA2/SRF/STAT5A/IL6R/MYL12A/TLN1/PIK3CA/C1QTNF1/TSPAN8/ACTB/ANGPTL1/UBASH3B/VCL/HSPB1/ACTG1/JAK2/ANGPTL7/DGKH/NEGR1/EMP2/MAPK14/ADM/FLNA/INPP5K/C1GALT1C1/HEG1/CAV1/ITPK1/HPS6/GNA12/FZD6/F10/NR1H2/PLCG2/PDPN/XDH/PDGFRA/HIF1A/NPR3/CD9/LNPK/WFS1",45
"GO:1990776","response to angiotensin","11/1363","34/11712",0.323529411764706,2.78002675758491,3.77205032897172,0.00114352671142373,0.0380353427087277,0.0326969178718748,"AGTRAP/ROCK2/PRKD1/ROCK1/SLC26A6/RAC1/HSF1/CAV1/RELA/INHBA/AGTR1",11
"GO:0150116","regulation of cell-substrate junction organization","18/1363","72/11712",0.25,2.14820249449743,3.54653270426537,0.00120197960728152,0.0393986214263065,0.0338688545258049,"ROCK2/PEAK1/THBS1/PIK3R1/FERMT2/ROCK1/TLN1/ACVRL1/ANKRD28/RAC1/FAM107A/VCL/ACTG1/DUSP3/GPM6B/DAPK3/CFL1/CORO1C",18
"GO:0170062","nutrient storage","18/1363","72/11712",0.25,2.14820249449743,3.54653270426537,0.00120197960728152,0.0393986214263065,0.0338688545258049,"PNPLA2/STAT5B/STAT5A/CIDEC/CDS2/ABHD5/LEP/NPC1/SOAT1/NFKBIA/NEGR1/AUP1/CAV1/PPARG/MOSPD2/NR1H2/GM2A/PISD",18
"GO:0002521","leukocyte differentiation","70/1363","421/11712",0.166270783847981,1.4287332504971,3.25130517855173,0.00120773923020315,0.0393986214263065,0.0338688545258049,"ZBTB16/FOXO3/FZD8/TGFBR2/CFLAR/KLF6/STAT3/SMARCD2/MYC/STAT5B/ANXA2/SRF/BCL6/FSTL3/FZD5/CITED2/STAT5A/NEDD9/NFIL3/IL6R/PIK3R1/LEP/ACTB/ZFP36L2/UBASH3B/PIK3CD/MTOR/RUNX1/FAM20C/PRDM1/JAK2/RRAS/BRD4/RB1/RNF41/BATF3/MAPK14/PSEN1/OSTM1/HSF1/GPR137B/JAGN1/HDAC5/RC3H2/SYVN1/PPARG/FARP2/KLHL25/SOS2/DCAF1/PDP2/INHBA/CSF1/ZBTB1/PLCG2/NDFIP1/GAB2/TMEM64/CBFB/QKI/USP44/PTK2B/DLL4/NFKBIZ/ADAM17/RORA/LTBR/GAB3/CORO1C/TOB2",70
"GO:0008356","asymmetric cell division","7/1363","16/11712",0.4375,3.75935436537051,4.00815505709487,0.00125594033263018,0.0404524072959177,0.0347747369914127,"ZBTB16/ING2/ACTR3/TEAD3/SOX5/ETV5/ACTR2",7
"GO:0035929","steroid hormone secretion","7/1363","16/11712",0.4375,3.75935436537051,4.00815505709487,0.00125594033263018,0.0404524072959177,0.0347747369914127,"C1QTNF1/PTPN11/SELENOM/CYP19A1/INHBA/FZD4/AGTR1",7
"GO:0051051","negative regulation of transport","52/1363","294/11712",0.17687074829932,1.5198167308009,3.27585465416632,0.00127620814878321,0.0405437658503793,0.0348532729776663,"ABAT/IRS2/SELENOS/FOXO1/OXSR1/THBS1/ANXA2/PRKD1/ARL6IP5/UBE2J1/PACSIN2/INHBB/ANKRD13A/LEP/CNN2/PKDCC/RAC1/CHP1/VPS4B/PTPN11/RAB11FIP1/NFKBIA/CALM1/DPH3/INPP5K/JAGN1/TNFRSF1B/RUBCN/MCTP1/CAV1/MDFIC/ANKRD27/RAB11FIP3/IRS1/TBC1D4/PID1/IDH2/GPM6B/STC1/RAP1B/ENPP1/SNX33/INHBA/NR1H2/TMBIM6/NDFIP1/PTK2B/UBQLN1/ATXN2/YOD1/UBR3/YWHAB",52
"GO:2001233","regulation of apoptotic signaling pathway","55/1363","315/11712",0.174603174603175,1.50033190091884,3.26673512224765,0.00127754145265366,0.0405437658503793,0.0348532729776663,"HIGD1A/SELENOS/HERPUD1/PRODH/CFLAR/MYC/THBS1/HMGB2/GCLM/RAF1/ATF3/GDNF/MCL1/ING2/INHBB/MAPK7/SRPX/STRADB/TNFAIP3/CTSC/HSPB1/YBX3/JAK2/TMBIM1/RB1/MAP2K1/SEPTIN4/PSEN1/HSF1/USP47/SYVN1/CAV1/YAP1/BMPR1B/DAPK2/PPARG/NACC2/SLC35F6/RELA/MUC1/INHBA/SGK3/TMBIM6/ITPRIP/PSME3/PPP1CA/PINK1/SERINC3/UBQLN1/BAG5/CTH/HIF1A/LTBR/WFS1/PML",55
"GO:0006650","glycerophospholipid metabolic process","44/1363","239/11712",0.184100418410042,1.58193991226589,3.29863545670818,0.00129544808634453,0.0405437658503793,0.0348532729776663,"CDIPT/PRKAA1/IMPA2/ZRANB1/PCYT2/TMEM150A/GPAT3/PIK3R1/CDS2/ABHD5/AGPAT2/PIK3CA/INPP5A/MTMR14/CRLS1/PIK3CD/PLB1/DGKH/PIGA/PRDX6/INPP5K/PNPLA8/LPCAT3/PIP5K1A/ABHD3/BPNT2/IPMK/LCLAT1/SACM1L/NR1H2/FAR1/PLCG2/UBE3C/MTMR7/LPIN1/MECP2/IP6K1/SLC44A2/PISD/MPPE1/ITPKC/SH3GLB1/DNAJC19/PIK3C3",44
"GO:0035966","response to topologically incorrect protein","32/1363","159/11712",0.20125786163522,1.729370561608,3.3604321498953,0.00129846461839948,0.0405437658503793,0.0348532729776663,"DNAJB4/SELENOS/HERPUD1/NCOA3/THBS1/ATF3/PIK3R1/TM7SF3/HSPB3/BAG3/HSPB1/HSPA2/HSF1/DNAJB14/DNAJC3/DNAJB12/CAV1/ABCB10/TRAM1/DERL1/EDEM3/TMBIM6/UBE2W/CREB3L2/VAPB/STT3B/CTH/YOD1/ERP27/TMEM33/ERP44/WFS1",32
"GO:0007519","skeletal muscle tissue development","27/1363","127/11712",0.21259842519685,1.8268178693364,3.39984736874905,0.00129861148233677,0.0405437658503793,0.0348532729776663,"PRKAA1/SAP30/CFLAR/MAFF/MYC/FKRP/KLF5/CITED2/ATF3/NLN/NR4A1/FOXN2/MYL6/BMAL1/YBX3/POPDC1/RB1/NR2F2/MAPK14/CAV1/CAV2/ABCC9/PLEC/RCAN1/DMD/MYOZ2/EMD",27
"GO:0006470","protein dephosphorylation","17/1363","67/11712",0.253731343283582,2.1802652182959,3.51595241561775,0.00136513694334976,0.0420444442747858,0.0361433246953718,"DUSP1/SSH2/PPP1CB/CDC14B/PPP5C/DUSP5/PTPN12/PTPN11/PTPN9/PPM1B/PPP2CB/PPP1R12A/DUSP3/MTMR7/PPP1CA/PTPN18/PTPRE",17
"GO:0006935","chemotaxis","50/1363","281/11712",0.177935943060498,1.52896974697326,3.25714885660518,0.00137146349962948,0.0420444442747858,0.0361433246953718,"DUSP1/OXSR1/THBS1/RAC3/IL16/HMGB2/PRKD1/RALBP1/GDNF/NEDD9/IL6R/NRP2/CCN1/NR4A1/RAC1/NBL1/MICOS10-NBL1/PIK3CD/TRPM4/HSPB1/TYMP/MAPK14/SWAP70/LGMN/MAP2K1/PDGFRB/LPAR1/DUSP3/PIP5K1A/DAPK2/SEMA6C/PLEC/CYP19A1/MOSPD2/PLP2/ACKR2/IL17RA/CORO1B/CSF1/PARVA/ITGA1/CRK/DNM1L/USP14/DDT/PTK2B/PDGFRA/ADAM17/CORO1C/AGTR1",50
"GO:0042330","taxis","50/1363","281/11712",0.177935943060498,1.52896974697326,3.25714885660518,0.00137146349962948,0.0420444442747858,0.0361433246953718,"DUSP1/OXSR1/THBS1/RAC3/IL16/HMGB2/PRKD1/RALBP1/GDNF/NEDD9/IL6R/NRP2/CCN1/NR4A1/RAC1/NBL1/MICOS10-NBL1/PIK3CD/TRPM4/HSPB1/TYMP/MAPK14/SWAP70/LGMN/MAP2K1/PDGFRB/LPAR1/DUSP3/PIP5K1A/DAPK2/SEMA6C/PLEC/CYP19A1/MOSPD2/PLP2/ACKR2/IL17RA/CORO1B/CSF1/PARVA/ITGA1/CRK/DNM1L/USP14/DDT/PTK2B/PDGFRA/ADAM17/CORO1C/AGTR1",50
"GO:0002573","myeloid leukocyte differentiation","34/1363","173/11712",0.196531791907514,1.68876034249509,3.31209529046853,0.00143193258558871,0.0434626902090409,0.0373625136794064,"TGFBR2/CFLAR/MYC/ANXA2/FSTL3/CITED2/STAT5A/NEDD9/PIK3R1/UBASH3B/PIK3CD/MTOR/RUNX1/FAM20C/RB1/BATF3/MAPK14/PSEN1/OSTM1/HSF1/GPR137B/JAGN1/PPARG/FARP2/INHBA/CSF1/NDFIP1/GAB2/TMEM64/QKI/LTBR/GAB3/CORO1C/TOB2",34
"GO:0009896","positive regulation of catabolic process","78/1363","482/11712",0.161825726141079,1.3905377142805,3.17754965584915,0.0014426291026348,0.0434626902090409,0.0373625136794064,"PNPLA2/IRS2/PRKAA1/FOXO3/HERPUD1/FOXO1/SAMD4A/USP33/PRR5L/ROCK2/STAT3/TUT7/NKD1/CALCOCO2/PRKD1/SH3D19/DDA1/ROCK1/ABHD5/TGFB1I1/AXIN2/TIPARP/SH3RF3/PAFAH1B2/CPT1A/ZFP36L2/STK38L/PRXL2C/WIPI1/BAG3/BBS7/MTOR/TNFAIP3/JAK2/RNF41/MAP2K1/VPS13D/FURIN/CNOT8/PSEN1/HSF1/TNFRSF1B/GRSF1/RC3H2/MTDH/GIT1/LSM1/CAV1/PSMC5/IRS1/PHKA1/DAGLB/RILP/DCAF1/SNX33/DIS3/NANOS1/RALB/UPF1/NDFIP1/EPHA4/CAMKK2/QKI/PINK1/PTK2B/FXR2/MOAP1/UBQLN1/MARCHF2/UBR3/NKD2/SH3GLB1/HIF1A/CBLB/ASB5/AGO2/PDE12/WFS1",78
"GO:0046883","regulation of hormone secretion","32/1363","160/11712",0.2,1.71856199559795,3.32117201652298,0.001446409669763,0.0434626902090409,0.0373625136794064,"ABAT/IRS2/FOXO1/PRKD1/NADK/INHBB/LEP/C1QTNF1/TM7SF3/RAC1/CPT1A/PTPN11/BMAL1/RAB11FIP1/TRPM4/SIDT2/OXCT1/TMF1/JAK2/JAGN1/SRI/RAB11FIP3/IRS1/PPARG/STXBP4/CYP19A1/INHBA/GLUD1/PRKAR1A/ITSN1/HIF1A/AGTR1",32
"GO:0044282","small molecule catabolic process","48/1363","268/11712",0.17910447761194,1.53901074232652,3.23945251294166,0.00147012114305371,0.0434626902090409,0.0373625136794064,"ABAT/GLUL/IRS2/DCXR/TST/GLS/PRODH/MGAT1/AASS/ALDH6A1/ACSS1/ECHDC1/ALDH4A1/MPST/ADHFE1/LEP/GCAT/ENTPD4/SHMT1/BCAT2/CPT1A/MCCC2/OXCT1/DDAH1/CBS/LOC102724560/LDHA/SCARF1/ALDH1B1/MLYCD/ACADS/YAP1/IRS1/ABHD3/DLAT/ETFA/SLC27A4/DERA/MCCC1/GLUD1/LPIN1/GCDH/XDH/HSD17B4/SRD5A3/FUT4/NUDT3/ACSS2",48
"GO:1902745","positive regulation of lamellipodium organization","10/1363","30/11712",0.333333333333333,2.86426999266324,3.71027893411173,0.0014752167653738,0.0434626902090409,0.0373625136794064,"CARMIL1/PIK3R1/ACTR3/PIK3CA/RAC1/MTOR/CORO1B/ACTR2/CFL1/CORO1C",10
"GO:0022407","regulation of cell-cell adhesion","55/1363","317/11712",0.173501577287066,1.49086608450926,3.21537194155248,0.00148209955699033,0.0434626902090409,0.0373625136794064,"ZBTB16/PRKAA1/FOXO3/TGFBR2/MYADM/SMARCD2/STAT5B/NR4A3/MAP3K8/BCL6/FSTL3/CITED2/STAT5A/IL6R/CASP3/LEP/MAPK7/C1QTNF1/ABL2/ACTB/RGCC/PTPN11/UBASH3B/PIK3CD/MTOR/RUNX1/JAK2/NF2/BRD4/FLOT2/MAPK14/SWAP70/MAP2K1/SPECC1L/RC3H2/CAV1/DUSP3/PAWR/KLHL25/GTPBP4/RELA/SPINT2/GNRH1/ZBTB1/NDFIP1/PDPN/PRKAR1A/CBFB/DENND6A/NFKBIZ/FUT4/TJP1/CD9/MAGI1/CBLB",55
"GO:0042542","response to hydrogen peroxide","20/1363","85/11712",0.235294117647059,2.02183764187994,3.43125700559251,0.00148257105525492,0.0434626902090409,0.0373625136794064,"DUSP1/PRKAA1/TRPC6/RHOB/NR4A3/CASP3/PPP5C/MAPK7/MAP3K5/MAP1LC3A/TNFAIP3/CAT/PPP2CB/HSF1/ABCC9/RELA/CRK/FCHSD1/CFL1/PLEKHA1",20
"GO:0023061","signal release","54/1363","310/11712",0.174193548387097,1.49681206068208,3.21720091693118,0.00148604993051152,0.0434626902090409,0.0373625136794064,"ABAT/IRS2/FOXO1/SYN2/SLC38A2/ATP2A2/PRKD1/RAF1/NIBAN2/GDNF/STX2/NADK/INHBB/LEP/C1QTNF1/TM7SF3/RAC1/CPT1A/PTPN11/BMAL1/RAB11FIP1/TRPM4/SIDT2/OXCT1/TMF1/NAPA/JAK2/STX11/PSEN1/JAGN1/SELENOM/MCTP1/SRI/GIT1/RAB11FIP3/IRS1/PPARG/STXBP4/VPS18/RAP1B/CYP19A1/KCNJ8/TRPV6/INHBA/STXBP5/FZD4/GLUD1/PRKAR1A/PINK1/PPFIA2/ITSN1/ADAM17/HIF1A/AGTR1",54
"GO:0071711","basement membrane organization","11/1363","35/11712",0.314285714285714,2.70059742165391,3.6565003833569,0.00149472175287985,0.043466508573746,0.0373657961201122,"LAMC1/LAMA2/FKRP/LAMB1/NID1/COL4A1/CAV1/CAV2/SPINT2/PHLDB1/PLOD3",11
"GO:0034599","cellular response to oxidative stress","41/1363","221/11712",0.18552036199095,1.5941412176361,3.23595617586709,0.00160130238896428,0.046301294644541,0.0398027077065523,"PRKAA1/SELENOS/FOXO3/TRPC6/FOXO1/AIFM2/PRR5L/RHOB/ATP2A2/PRKD1/ARL6IP5/GCH1/STX2/VKORC1L1/PPP5C/MAPK7/ABL2/GSR/MAP3K5/BMAL1/MAP1LC3A/TNFAIP3/PDCD10/CAT/HSF1/PNPLA8/PYCR2/SLC11A2/PAWR/PKD2/ETV5/RELA/FBLN5/CAMKK2/PINK1/CFL1/PDGFRA/HIF1A/GPR37/PLEKHA1/PML",41
"GO:0009914","hormone transport","38/1363","201/11712",0.189054726368159,1.62451133912244,3.24098898382114,0.00164087167124104,0.0471773781635346,0.0405558291149435,"ABAT/IRS2/FOXO1/PRKD1/RAF1/NIBAN2/NADK/INHBB/LEP/C1QTNF1/TM7SF3/RAC1/CPT1A/PTPN11/BMAL1/RAB11FIP1/TRPM4/SIDT2/OXCT1/TMF1/JAK2/JAGN1/SELENOM/SRI/RAB11FIP3/IRS1/PPARG/STXBP4/CYP19A1/TRPV6/INHBA/FZD4/GLUD1/PRKAR1A/ITSN1/SLC7A8/HIF1A/AGTR1",38
"GO:0044342","type B pancreatic cell proliferation","8/1363","21/11712",0.380952380952381,3.27345142018656,3.78412279243549,0.00165998914270471,0.0471937695375658,0.0405699198887432,"ERRFI1/IRS2/NR4A3/SERPINB1/RAF1/NR4A1/SIDT2/MAP2K1",8
"GO:2000114","regulation of establishment of cell polarity","8/1363","21/11712",0.380952380952381,3.27345142018656,3.78412279243549,0.00165998914270471,0.0471937695375658,0.0405699198887432,"ROCK2/ROCK1/ABL2/KANK1/FLOT2/GSN/RAP1B/CFL1",8
"GO:0043122","regulation of canonical NF-kappaB signal transduction","47/1363","263/11712",0.178707224334601,1.53559722040121,3.18807210975433,0.00171642379379776,0.0481721913988104,0.0414110160104779,"PER1/ANXA4/CFLAR/STAT3/NAMPT/PRKD1/TANK/GPRC5B/PPP5C/VAPA/TNIP1/TNFAIP3/EDA/HSPB1/NFKBIA/TNIP2/BRD4/FLOT2/AKAP13/IRAK3/PPM1B/FLNA/RIOK3/PPP2CB/ZDHHC13/LPAR1/MTDH/CAV1/TLE1/MAVS/NFKBIB/RELA/DDX21/TMEM9B/IKBKB/PLCG2/NDFIP1/TRIM38/CHUK/SNIP1/PINK1/MAP3K3/SLC44A2/CTH/RORA/LTBR/UBE2N",47
"GO:0030041","actin filament polymerization","26/1363","123/11712",0.211382113821138,1.81636633681084,3.30301379353297,0.00172391541518056,0.0481721913988104,0.0414110160104779,"WASF3/ARPC5/MYADM/SSH2/DAAM2/CARMIL1/MSRB1/CDC42EP3/ANG/RAC1/KANK1/WASF1/LMOD1/FAM107A/MTOR/JAK2/GBA2/DIAPH2/GSN/ARPC4/VASP/INF2/PTK2B/FCHSD1/CFL1/EPS8",26
"GO:0071456","cellular response to hypoxia","26/1363","123/11712",0.211382113821138,1.81636633681084,3.30301379353297,0.00172391541518056,0.0481721913988104,0.0414110160104779,"PRKAA1/HIGD1A/FOXO3/TRPC6/CFLAR/ROCK2/STAT3/MYC/CITED2/RGCC/MTOR/HIPK2/DDAH1/CBS/LOC102724560/MAP2K1/CCNA2/PPARG/STC1/INHBA/TMBIM6/EPHA4/PINK1/UBQLN1/RORA/HIF1A",26
"GO:0046626","regulation of insulin receptor signaling pathway","15/1363","57/11712",0.263157894736842,2.26126578368151,3.46404582015916,0.00173226783768566,0.0481721913988104,0.0414110160104779,"PRKAA1/LEP/SORBS1/KANK1/PTPN11/MTOR/INPP5K/IRS1/PID1/RELA/SNX5/SLC27A4/ENPP1/ADIPOR1/PTPRE",15
"GO:0060538","skeletal muscle organ development","28/1363","136/11712",0.205882352941176,1.76910793664494,3.27395882387801,0.00177866544787446,0.0491936329577888,0.0422890938293265,"PRKAA1/SAP30/CFLAR/MAFF/MYC/FKRP/KLF5/CITED2/ATF3/NLN/NR4A1/FOXN2/MYL6/BMAL1/YBX3/POPDC1/NEGR1/RB1/NR2F2/MAPK14/CAV1/CAV2/ABCC9/PLEC/RCAN1/DMD/MYOZ2/EMD",28
"GO:0016054","organic acid catabolic process","35/1363","182/11712",0.192307692307692,1.65246345730572,3.21938531206622,0.00181707553444197,0.0497155773912643,0.0427377811043622,"ABAT/GLUL/IRS2/DCXR/TST/GLS/PRODH/AASS/ALDH6A1/ECHDC1/ALDH4A1/MPST/ADHFE1/LEP/GCAT/SHMT1/BCAT2/CPT1A/MCCC2/DDAH1/CBS/LOC102724560/LDHA/MLYCD/ACADS/IRS1/ABHD3/DLAT/ETFA/SLC27A4/MCCC1/GLUD1/LPIN1/GCDH/HSD17B4",35
"GO:0046395","carboxylic acid catabolic process","35/1363","182/11712",0.192307692307692,1.65246345730572,3.21938531206622,0.00181707553444197,0.0497155773912643,0.0427377811043622,"ABAT/GLUL/IRS2/DCXR/TST/GLS/PRODH/AASS/ALDH6A1/ECHDC1/ALDH4A1/MPST/ADHFE1/LEP/GCAT/SHMT1/BCAT2/CPT1A/MCCC2/DDAH1/CBS/LOC102724560/LDHA/MLYCD/ACADS/IRS1/ABHD3/DLAT/ETFA/SLC27A4/MCCC1/GLUD1/LPIN1/GCDH/HSD17B4",35
